,open,close,low,high,volume,money,factor,high_limit,low_limit,avg,pre_close,paused,MID,DKX,MADKX,DKX_prev,MADKX_prev
2024-04-15,44.14,44.56,44.09,45.15,22027768.0,984050772.26,1.0,48.5,39.68,44.673,44.09,0.0,44.51,,,,
2024-04-16,44.33,44.26,43.79,44.65,23385721.0,1033684469.67,1.0,49.02,40.1,44.202,44.56,0.0,44.25833333333333,,,,
2024-04-17,44.35,44.39,43.84,44.78,23275600.0,1032367343.51,1.0,48.69,39.83,44.354,44.26,0.0,44.35666666666666,,,,
2024-04-18,45.2,42.35,42.2,45.5,59016774.0,2541878650.67,1.0,48.83,39.95,43.07,44.39,0.0,43.324999999999996,,,,
2024-04-19,42.0,41.68,41.22,42.34,38425460.0,1601560704.13,1.0,46.59,38.12,41.68,42.35,0.0,41.766666666666666,,,,
2024-04-22,41.99,41.86,41.46,42.17,27806445.0,1163954982.66,1.0,45.85,37.51,41.859,41.68,0.0,41.86666666666667,,,,
2024-04-23,41.86,44.07,41.8,44.27,49366110.0,2134259117.47,1.0,46.05,37.67,43.233,41.86,0.0,43.35666666666666,,,,
2024-04-24,43.96,43.7,43.4,44.2,21625198.0,946244236.26,1.0,48.48,39.66,43.757,44.07,0.0,43.77666666666667,,,,
2024-04-25,43.7,44.3,43.5,44.97,24469103.0,1085861364.42,1.0,48.07,39.33,44.377,43.7,0.0,44.17833333333332,,,,
2024-04-26,44.2,45.61,44.17,45.79,34278262.0,1550025297.08,1.0,48.73,39.87,45.219,44.3,0.0,45.16499999999999,,,,
2024-04-29,45.6,46.18,45.53,46.86,34279567.0,1586424721.58,1.0,50.17,41.05,46.279,45.61,0.0,46.08833333333333,,,,
2024-04-30,46.39,46.16,45.85,46.85,19250243.0,893082209.97,1.0,50.8,41.56,46.393,46.18,0.0,46.26166666666666,,,,
2024-05-06,46.93,47.16,46.42,47.87,32582423.0,1541063569.27,1.0,50.78,41.54,47.297,46.16,0.0,47.11666666666667,,,,
2024-05-07,47.16,47.23,47.02,47.5,20377965.0,964125270.19,1.0,51.88,42.44,47.312,47.16,0.0,47.22833333333333,,,,
2024-05-08,47.26,46.42,46.25,47.37,26129151.0,1217234952.37,1.0,51.95,42.51,46.585,47.23,0.0,46.69,,,,
2024-05-09,46.51,46.9,46.31,47.23,17514723.0,820722434.34,1.0,51.06,41.78,46.859,46.42,0.0,46.791666666666664,,,,
2024-05-10,46.79,46.48,46.19,47.05,15577277.0,725489832.34,1.0,51.59,42.21,46.574,46.9,0.0,46.578333333333326,,,,
2024-05-13,46.48,45.53,45.37,46.78,29175692.0,1338054190.87,1.0,51.13,41.83,45.862,46.48,0.0,45.87,,,,
2024-05-14,45.53,45.33,45.22,45.78,19723737.0,897260526.27,1.0,50.08,40.98,45.491,45.53,0.0,45.419999999999995,,,,
2024-05-15,45.34,44.67,44.53,45.42,15942898.0,713465988.68,1.0,49.86,40.8,44.751,45.33,0.0,44.883333333333326,45.54940476190475,,,
2024-05-16,45.0,44.69,44.4,45.11,23437708.0,1048106877.62,1.0,49.14,40.2,44.719,44.67,0.0,44.76333333333333,45.52930158730158,,45.54940476190475,
2024-05-17,45.5,44.75,44.07,46.23,37685549.0,1689843524.06,1.0,49.16,40.22,44.841,44.69,0.0,45.00833333333333,45.53132539682539,,45.52930158730158,
2024-05-20,44.28,43.81,43.48,44.79,39702265.0,1742797463.74,1.0,49.23,40.28,43.897,44.75,0.0,43.99666666666667,45.433428571428564,,45.53132539682539,
2024-05-21,43.72,43.8,43.42,44.16,24438325.0,1071157251.35,1.0,48.19,39.43,43.831,43.81,0.0,43.78333333333333,45.316928571428576,,45.433428571428564,
2024-05-22,43.9,43.54,43.4,43.96,25238847.0,1100081619.8,1.0,48.18,39.42,43.587,43.8,0.0,43.64666666666667,45.18523015873016,,45.316928571428576,
2024-05-23,43.54,43.05,42.9,43.59,19702407.0,848668344.93,1.0,47.89,39.19,43.074,43.54,0.0,43.19666666666666,45.00172222222223,,45.18523015873016,
2024-05-24,43.05,42.44,42.38,43.18,22038350.0,939654300.98,1.0,47.36,38.75,42.637,43.05,0.0,42.655,44.76029365079364,,45.00172222222223,
2024-05-27,42.33,42.7,41.82,42.9,30678196.0,1300950779.09,1.0,46.68,38.2,42.406,42.44,0.0,42.525,44.509825396825406,,44.76029365079364,
2024-05-28,42.7,43.27,42.36,43.59,37427881.0,1616893172.35,1.0,46.97,38.43,43.2,42.7,0.0,43.07666666666666,44.317857142857136,45.11353174603174,44.509825396825406,
2024-05-29,43.25,43.02,42.95,43.48,16676675.0,719612072.51,1.0,47.6,38.94,43.151,43.27,0.0,43.123333333333335,44.13557936507937,44.97214920634921,44.317857142857136,45.11353174603174
2024-05-30,43.05,42.88,42.54,43.24,13247711.0,567669926.16,1.0,47.32,38.72,42.85,43.02,0.0,42.91166666666667,43.94286507936507,44.81350555555555,44.13557936507937,44.97214920634921
2024-05-31,43.4,42.36,42.36,43.59,22865066.0,980570414.09,1.0,47.17,38.59,42.885,42.88,0.0,42.73833333333334,43.748769841269834,44.63525,43.94286507936507,44.81350555555555
2024-06-03,42.22,42.5,42.07,42.69,18780093.0,796785130.01,1.0,46.6,38.12,42.427,42.36,0.0,42.413333333333334,43.540499999999994,44.44595714285714,43.748769841269834,44.63525
2024-06-04,42.45,43.83,42.36,44.0,35813890.0,1561008548.51,1.0,46.75,38.25,43.587,42.5,0.0,43.38333333333333,43.447007936507944,44.258965079365076,43.540499999999994,44.44595714285714
2024-06-05,43.83,43.92,43.69,44.3,18067577.0,794605428.6,1.0,48.21,39.45,43.98,43.83,0.0,43.93,43.42388888888888,44.082830952380945,43.447007936507944,44.258965079365076
2024-06-06,43.65,42.91,42.8,44.1,22586853.0,978566367.33,1.0,48.31,39.53,43.325,43.92,0.0,43.21333333333333,43.34565873015872,43.9172246031746,43.42388888888888,44.082830952380945
2024-06-07,42.99,42.15,42.15,43.26,23854735.0,1013241225.15,1.0,47.2,38.62,42.475,42.91,0.0,42.475,43.214150793650795,43.762610317460314,43.34565873015872,43.9172246031746
2024-06-11,42.0,42.72,41.7,42.81,25112141.0,1062111846.35,1.0,46.37,37.94,42.295,42.15,0.0,42.445,43.0993253968254,43.621560317460315,43.214150793650795,43.762610317460314
2024-06-12,42.73,42.1,41.91,42.73,21850545.0,922178801.6,1.0,46.99,38.45,42.204,42.72,0.0,42.27833333333333,42.984936507936496,43.48826825396825,43.0993253968254,43.621560317460315
2024-06-13,42.1,42.06,41.53,42.43,20729821.0,872698850.18,1.0,46.31,37.89,42.099,42.1,0.0,42.04,42.862809523809524,43.36099126984127,42.984936507936496,43.48826825396825
2024-06-14,41.9,41.9,41.08,42.1,41537240.0,1729630309.13,1.0,46.27,37.85,41.64,42.06,0.0,41.79666666666666,42.73104761904762,43.23980952380952,42.862809523809524,43.36099126984127
2024-06-17,41.6,42.53,41.59,42.7,24198112.0,1024367305.7,1.0,46.09,37.71,42.333,41.9,0.0,42.24666666666666,42.65626984126985,43.130559523809524,42.73104761904762,43.23980952380952
2024-06-18,42.5,41.97,41.81,42.71,20392334.0,860147200.32,1.0,46.78,38.28,42.18,42.53,0.0,42.155,42.5859126984127,43.03510079365079,42.65626984126985,43.130559523809524
2024-06-19,42.0,41.36,41.21,42.26,20101128.0,836081464.81,1.0,46.17,37.77,41.594,41.97,0.0,41.59166666666666,42.47067460317461,42.937467460317464,42.5859126984127,43.03510079365079
2024-06-20,41.34,40.6,40.58,41.77,24782740.0,1013799894.64,1.0,45.5,37.22,40.907,41.36,0.0,40.915,42.301428571428566,42.825221428571425,42.47067460317461,42.937467460317464
2024-06-21,40.7,40.04,39.77,40.8,36455301.0,1459102929.25,1.0,44.66,36.54,40.024,40.6,0.0,40.23166666666667,42.0801111111111,42.69866666666667,42.301428571428566,42.825221428571425
2024-06-24,40.0,40.29,39.54,40.64,27893044.0,1123508475.05,1.0,44.04,36.04,40.279,40.04,0.0,40.175,41.86751587301589,42.56400317460317,42.0801111111111,42.69866666666667
2024-06-25,40.51,39.7,39.45,40.58,22458955.0,895023381.75,1.0,44.32,36.26,39.852,40.29,0.0,39.94,41.6443492063492,42.418505555555555,41.86751587301589,42.56400317460317
2024-06-26,39.69,39.9,39.43,40.04,22323523.0,887607506.09,1.0,43.67,35.73,39.761,39.7,0.0,39.809999999999995,41.42111111111112,42.26212301587302,41.6443492063492,42.418505555555555
2024-06-27,39.85,39.24,39.0,39.85,27183773.0,1064851487.88,1.0,43.89,35.91,39.172,39.9,0.0,39.40333333333333,41.17469841269842,42.093311904761904,41.42111111111112,42.26212301587302
2024-06-28,39.2,38.46,38.33,39.44,30925798.0,1199640450.62,1.0,43.16,35.32,38.791,39.24,0.0,38.724999999999994,40.881396825396806,41.908346825396826,41.17469841269842,42.093311904761904
2024-07-01,38.45,38.27,37.8,38.47,23890913.0,911326444.11,1.0,42.31,34.61,38.145,38.46,0.0,38.254999999999995,40.56326984126985,41.69904682539683,40.881396825396806,41.908346825396826
2024-07-02,38.23,37.47,37.24,38.25,31084695.0,1168354207.35,1.0,42.1,34.44,37.586,38.27,0.0,37.68833333333333,40.212523809523816,41.461707936507935,40.56326984126985,41.69904682539683
2024-07-03,37.6,38.67,37.33,39.6,55275948.0,2137708980.02,1.0,41.22,33.72,38.673,37.47,0.0,38.42333333333334,39.95427777777777,41.21006825396825,40.212523809523816,41.461707936507935
2024-07-04,38.67,38.45,38.33,39.45,28925733.0,1120476865.18,1.0,42.54,34.8,38.736,38.67,0.0,38.63333333333333,39.73965079365079,40.95389047619047,39.95427777777777,41.21006825396825
2024-07-05,38.46,40.03,38.1,40.3,49365271.0,1942122105.92,1.0,42.3,34.61,39.342,38.45,0.0,39.49166666666667,39.631992063492056,40.70907857142857,39.73965079365079,40.95389047619047
2024-07-08,39.2,39.21,38.44,40.1,49986820.0,1964892356.83,1.0,44.03,36.03,39.308,40.03,0.0,39.22833333333333,39.516976190476186,40.474024603174605,39.631992063492056,40.70907857142857
2024-07-09,39.12,38.99,38.01,39.48,40106262.0,1555216746.81,1.0,43.13,35.29,38.777,39.21,0.0,38.93,39.38900793650794,40.248490476190476,39.516976190476186,40.474024603174605
2024-07-10,39.0,39.41,38.88,39.79,20232304.0,796385784.82,1.0,42.89,35.09,39.362,38.99,0.0,39.31666666666666,39.31460317460317,40.037839682539676,39.38900793650794,40.248490476190476
2024-07-11,39.79,40.6,39.3,41.14,37980200.0,1538773534.27,1.0,43.35,35.47,40.515,39.41,0.0,40.33833333333334,39.351603174603184,39.85553015873016,39.31460317460317,40.037839682539676
2024-07-12,40.84,41.27,40.48,41.5,31501013.0,1296947585.63,1.0,44.44,36.36,41.172,40.4,0.0,41.105,39.46972222222221,39.7143626984127,39.351603174603184,39.85553015873016
2024-07-15,41.0,40.78,40.46,41.29,20710958.0,845176103.35,1.0,45.4,37.14,40.808,41.27,0.0,40.848333333333336,39.56669047619047,39.614704761904754,39.46972222222221,39.7143626984127
2024-07-16,40.65,40.95,40.42,41.06,22626802.0,924082558.46,1.0,44.86,36.7,40.84,40.78,0.0,40.830000000000005,39.66857142857143,39.56030952380952,39.56669047619047,39.614704761904754
2024-07-17,40.58,41.74,40.5,42.15,35683208.0,1488713788.87,1.0,45.05,36.86,41.72,40.95,0.0,41.40833333333334,39.83184126984128,39.54806587301587,39.66857142857143,39.56030952380952
2024-07-18,41.8,42.15,41.7,42.42,30712230.0,1292463142.83,1.0,45.91,37.57,42.083,41.74,0.0,42.06166666666667,40.05820634920635,39.579921428571424,39.83184126984128,39.54806587301587
2024-07-19,42.08,42.23,41.93,42.48,27751083.0,1171709540.64,1.0,46.37,37.94,42.222,42.15,0.0,42.196666666666665,40.29196825396824,39.645919047619046,40.05820634920635,39.579921428571424
2024-07-22,42.22,42.77,41.85,43.1,32570326.0,1391175547.94,1.0,46.45,38.01,42.713,42.23,0.0,42.58,40.55288095238096,39.74950952380952,40.29196825396824,39.645919047619046
2024-07-23,42.73,41.41,41.35,42.82,36689667.0,1532779454.34,1.0,47.05,38.49,41.777,42.77,0.0,41.855,40.73329365079365,39.88393809523809,40.55288095238096,39.74950952380952
2024-07-24,41.29,41.4,41.2,42.06,20035166.0,832921591.72,1.0,45.55,37.27,41.573,41.41,0.0,41.458333333333336,40.86680952380953,40.03915873015873,40.73329365079365,39.88393809523809
2024-07-25,41.22,41.46,40.7,41.88,21908030.0,908502720.51,1.0,45.54,37.26,41.469,41.4,0.0,41.36333333333334,40.983428571428576,40.20234126984127,40.86680952380953,40.03915873015873
2024-07-26,41.46,41.07,40.59,41.58,22115817.0,907314993.97,1.0,45.61,37.31,41.026,41.46,0.0,41.14,41.06944444444445,40.36231349206349,40.983428571428576,40.20234126984127
2024-07-29,41.02,40.49,40.39,41.36,23478909.0,956395684.56,1.0,45.18,36.96,40.734,41.07,0.0,40.70666666666667,41.10269047619047,40.51591349206349,41.06944444444445,40.36231349206349
2024-07-30,40.5,40.0,39.62,40.66,24261502.0,969474035.62,1.0,44.54,36.44,39.959,40.49,0.0,40.13,41.069341269841274,40.655990476190475,41.10269047619047,40.51591349206349
2024-07-31,39.99,42.21,39.7,42.36,39572420.0,1638778249.18,1.0,44.0,36.0,41.412,40.0,0.0,41.446666666666665,41.1497619047619,40.78778253968254,41.069341269841274,40.655990476190475
2024-08-01,42.19,41.95,41.75,42.5,17431319.0,733290056.04,1.0,46.43,37.99,42.067,42.21,0.0,42.04833333333334,41.27308730158731,40.90927063492064,41.1497619047619,40.78778253968254
2024-08-02,41.89,42.17,41.8,42.98,25582033.0,1085719969.98,1.0,46.15,37.76,42.441,41.95,0.0,42.196666666666665,41.39427777777778,41.01950158730159,41.27308730158731,40.90927063492064
2024-08-05,42.17,42.65,42.11,43.58,32358803.0,1386017875.38,1.0,46.39,37.95,42.833,42.17,0.0,42.635,41.544333333333334,41.11864682539682,41.39427777777778,41.01950158730159
2024-08-06,42.63,42.91,42.48,43.18,21771513.0,931702110.54,1.0,46.92,38.39,42.795,42.65,0.0,42.836666666666666,41.69737301587302,41.21505476190477,41.544333333333334,41.11864682539682
2024-08-07,42.88,42.15,42.11,42.89,17729345.0,751651391.07,1.0,47.2,38.62,42.396,42.91,0.0,42.38833333333333,41.789111111111104,41.30728492063493,41.69737301587302,41.21505476190477
2024-08-08,42.11,42.58,42.11,42.89,16488658.0,700866799.62,1.0,46.37,37.94,42.506,42.15,0.0,42.475,41.87447619047618,41.396389682539684,41.789111111111104,41.30728492063493
2024-08-09,42.7,42.42,42.41,43.3,15598427.0,666579242.27,1.0,46.84,38.32,42.734,42.58,0.0,42.611666666666665,41.96268253968253,41.48571349206349,41.87447619047618,41.396389682539684
2024-08-12,42.22,43.63,42.21,43.96,33283489.0,1447922052.4,1.0,46.66,38.18,43.503,42.42,0.0,43.21333333333334,42.101015873015875,41.585546031746034,41.96268253968253,41.48571349206349
2024-08-13,43.6,42.67,42.4,43.6,22723619.0,973012156.36,1.0,47.99,39.27,42.819,43.63,0.0,42.934999999999995,42.20157936507935,41.698769841269836,42.101015873015875,41.585546031746034
2024-08-14,42.95,42.5,42.09,42.98,14184673.0,602382870.74,1.0,46.94,38.4,42.467,42.67,0.0,42.586666666666666,42.25894444444444,41.80968809523809,42.20157936507935,41.698769841269836
2024-08-15,42.38,42.92,42.32,43.65,21424655.0,921651489.73,1.0,46.75,38.25,43.018,42.5,0.0,42.85166666666667,42.33593650793651,41.91597301587301,42.25894444444444,41.80968809523809
2024-08-16,42.6,43.12,42.3,43.21,15694280.0,673487374.68,1.0,47.21,38.63,42.913,42.92,0.0,42.91166666666666,42.41488095238094,42.01803333333332,42.33593650793651,41.91597301587301
2024-08-19,43.21,42.11,41.77,43.6,23967290.0,1014833544.98,1.0,47.43,38.81,42.342,43.12,0.0,42.485,42.4497857142857,42.108578571428566,42.41488095238094,42.01803333333332
2024-08-20,42.1,42.25,41.8,42.38,15398722.0,648578630.99,1.0,46.32,37.9,42.119,42.11,0.0,42.17166666666666,42.455301587301584,42.184371428571424,42.4497857142857,42.108578571428566
2024-08-21,42.19,42.31,42.04,42.8,16231298.0,688060044.38,1.0,46.48,38.03,42.391,42.25,0.0,42.32666666666667,42.47407142857144,42.252867460317454,42.455301587301584,42.184371428571424
2024-08-22,43.21,43.93,42.63,44.27,53734750.0,2349925930.75,1.0,46.54,38.08,43.732,42.31,0.0,43.650000000000006,42.614738095238096,42.32689365079365,42.47407142857144,42.252867460317454
2024-08-23,43.68,43.62,43.08,43.95,27750880.0,1208090957.81,1.0,48.32,39.54,43.533,43.93,0.0,43.595,42.73927777777778,42.40455317460317,42.614738095238096,42.32689365079365
2024-08-26,43.61,43.32,42.8,43.8,24522498.0,1059543421.07,1.0,47.98,39.26,43.207,43.62,0.0,43.36166666666667,42.82990476190476,42.47744206349206,42.73927777777778,42.40455317460317
2024-08-27,43.27,43.6,43.11,43.98,22626754.0,987526035.5,1.0,47.65,38.99,43.644,43.32,0.0,43.52666666666667,42.92360317460317,42.54964444444444,42.82990476190476,42.47744206349206
2024-08-28,43.6,43.5,43.15,44.08,20622688.0,896690756.75,1.0,47.96,39.24,43.481,43.6,0.0,43.555,43.003825396825405,42.62413253968254,42.92360317460317,42.54964444444444
2024-08-29,43.48,44.32,43.3,44.55,30523004.0,1349314946.42,1.0,47.85,39.15,44.206,43.5,0.0,44.04833333333334,43.12099206349207,42.7026380952381,43.003825396825405,42.62413253968254
2024-08-30,44.44,44.13,43.93,44.5,31328037.0,1385994563.45,1.0,48.75,39.89,44.241,44.32,0.0,44.21,43.24403174603175,42.78555317460318,43.12099206349207,42.7026380952381
2024-09-02,44.01,43.9,43.02,44.37,25800846.0,1128406266.44,1.0,48.54,39.72,43.735,44.13,0.0,43.849999999999994,43.32319841269842,42.87289444444445,43.24403174603175,42.78555317460318
2024-09-03,43.88,44.58,43.72,45.2,31647968.0,1415250776.25,1.0,48.29,39.51,44.719,43.9,0.0,44.423333333333325,43.45118253968253,42.972482539682545,43.32319841269842,42.87289444444445
2024-09-04,44.38,44.51,44.17,45.15,21257720.0,949655587.47,1.0,49.04,40.12,44.673,44.58,0.0,44.538333333333334,43.58256349206349,43.083331746031746,43.45118253968253,42.972482539682545
2024-09-05,44.66,45.0,44.42,45.18,19863861.0,892416905.23,1.0,48.96,40.06,44.927,44.51,0.0,44.876666666666665,43.73592857142855,43.19545079365079,43.58256349206349,43.083331746031746
2024-09-06,45.15,44.4,44.4,45.15,14147570.0,632592170.47,1.0,49.5,40.5,44.714,45.0,0.0,44.65,43.856269841269835,43.30714999999999,43.73592857142855,43.19545079365079
2024-09-09,44.4,44.55,44.3,45.42,25601684.0,1144505481.71,1.0,48.84,39.96,44.704,44.4,0.0,44.62833333333333,43.96484126984127,43.42064365079365,43.856269841269835,43.30714999999999
2024-09-10,44.4,44.48,43.71,44.7,19918291.0,883221376.38,1.0,49.01,40.1,44.342,44.55,0.0,44.375,44.04254761904761,43.532538095238095,43.96484126984127,43.42064365079365
2024-09-11,44.3,45.43,44.11,45.55,29157838.0,1318678749.48,1.0,48.93,40.03,45.226,44.48,0.0,45.041666666666664,44.17688888888888,43.64984444444444,44.04254761904761,43.532538095238095
2024-09-12,45.23,44.97,44.75,45.78,18657815.0,842058821.44,1.0,49.97,40.89,45.132,45.43,0.0,45.11166666666666,44.30620634920634,43.76836587301587,44.17688888888888,43.64984444444444
2024-09-13,44.95,44.77,44.4,45.3,19509734.0,874100288.49,1.0,49.47,40.47,44.803,44.97,0.0,44.82666666666666,44.39761904761906,43.8837246031746,44.30620634920634,43.76836587301587
2024-09-18,44.89,45.12,44.78,45.59,17507905.0,791075183.21,1.0,49.25,40.29,45.184,44.77,0.0,45.10333333333333,44.5062619047619,44.00203095238094,44.39761904761906,43.8837246031746
2024-09-19,45.13,45.0,44.4,45.33,22401152.0,1006153996.93,1.0,49.63,40.61,44.915,45.12,0.0,44.97666666666666,44.590373015873006,44.11594999999999,44.5062619047619,44.00203095238094
2024-09-20,44.9,42.71,42.32,44.9,66915599.0,2879104757.0,1.0,49.5,40.5,43.026,45.0,0.0,43.375,44.508587301587305,44.20855238095238,44.590373015873006,44.11594999999999
2024-09-23,42.88,42.71,42.52,43.48,28475378.0,1219950846.87,1.0,46.98,38.44,42.842,42.71,0.0,42.835,44.37038095238094,44.27199761904761,44.508587301587305,44.20855238095238
2024-09-24,43.38,43.66,42.24,43.72,43328054.0,1866263526.75,1.0,46.98,38.44,43.073,42.71,0.0,43.38666666666666,44.28859523809523,44.31523015873016,44.37038095238094,44.27199761904761
2024-09-25,44.01,43.84,43.69,44.65,43382501.0,1914228799.72,1.0,48.03,39.29,44.124,43.66,0.0,43.97833333333333,44.26415079365079,44.3451611111111,44.28859523809523,44.31523015873016
2024-09-26,44.14,46.46,43.71,46.5,47693338.0,2151506359.31,1.0,48.22,39.46,45.111,43.84,0.0,45.62166666666666,44.39327777777777,44.38023412698412,44.26415079365079,44.3451611111111
2024-09-27,47.38,48.68,46.95,48.9,38062085.0,1826081206.27,1.0,51.11,41.81,47.976,46.46,0.0,48.211666666666666,44.759095238095234,44.43845476190476,44.39327777777777,44.38023412698412
2024-09-30,50.2,52.3,50.0,52.74,101848211.0,5250200815.04,1.0,53.55,43.81,51.549,48.68,0.0,51.63999999999999,45.42924603174603,44.55075873015873,44.759095238095234,44.43845476190476
2024-10-08,57.53,56.01,53.4,57.53,119259493.0,6658937520.41,1.0,57.53,47.07,55.836,52.3,0.0,56.08166666666667,46.4862619047619,44.75962301587301,45.42924603174603,44.55075873015873
2024-10-09,55.0,51.68,51.56,55.0,90059068.0,4785336951.01,1.0,61.61,50.41,53.136,56.01,0.0,52.76666666666666,47.171031746031744,45.0261,46.4862619047619,44.75962301587301
2024-10-10,51.68,52.57,51.68,53.82,58528066.0,3089484853.64,1.0,56.85,46.51,52.786,51.68,0.0,52.481666666666676,47.786198412698404,45.345682539682535,47.171031746031744,45.0261
2024-10-11,52.13,50.2,49.68,52.57,49542203.0,2518858626.84,1.0,57.83,47.31,50.843,52.57,0.0,50.830000000000005,48.205690476190476,45.71539285714285,47.786198412698404,45.345682539682535
2024-10-14,50.5,51.39,50.06,51.67,39584123.0,2016817820.08,1.0,55.22,45.18,50.95,50.2,0.0,51.06666666666667,48.617761904761885,46.14013095238094,48.205690476190476,45.71539285714285
2024-10-15,51.39,50.6,50.55,52.62,36326359.0,1870266584.74,1.0,56.53,46.25,51.485,51.39,0.0,51.06,48.999722222222225,46.61124365079365,48.617761904761885,46.14013095238094
2024-10-16,49.89,49.18,49.01,50.68,39738816.0,1971863406.59,1.0,55.66,45.54,49.621,50.6,0.0,49.52,49.20449206349207,47.10527777777777,48.999722222222225,46.61124365079365
2024-10-17,49.3,49.22,49.22,50.53,34296311.0,1711600382.51,1.0,54.1,44.26,49.906,49.18,0.0,49.45166666666666,49.37946031746033,47.60389603174603,49.20449206349207,47.10527777777777
2024-10-18,49.0,50.48,48.76,51.51,53672595.0,2684309741.47,1.0,54.14,44.3,50.013,49.22,0.0,50.11833333333333,49.593746031746015,48.087361111111115,49.37946031746033,47.60389603174603
2024-10-21,50.6,50.56,49.33,51.07,47185178.0,2372525724.23,1.0,55.53,45.43,50.281,50.48,0.0,50.446666666666665,49.815126984126984,48.5259492063492,49.593746031746015,48.087361111111115
2024-10-22,50.21,50.76,50.21,51.79,40107748.0,2046102371.24,1.0,55.62,45.5,51.015,50.56,0.0,50.748333333333335,50.039833333333334,48.881306349206355,49.815126984126984,48.5259492063492
2024-10-23,50.83,50.69,50.14,51.18,37059732.0,1875687444.76,1.0,55.84,45.68,50.613,50.76,0.0,50.703333333333326,50.23205555555556,49.18740873015873,50.039833333333334,48.881306349206355
2024-10-24,50.6,48.67,47.82,50.6,90154712.0,4383045856.42,1.0,55.76,45.62,48.617,50.69,0.0,49.17166666666666,50.251738095238096,49.4339626984127,50.23205555555556,49.18740873015873
2024-10-25,48.6,48.0,46.72,48.6,94314886.0,4498732086.92,1.0,53.54,43.8,47.699,48.67,0.0,47.98666666666666,50.138587301587286,49.62725238095238,50.251738095238096,49.4339626984127
2024-10-28,48.03,48.59,47.97,48.9,57114104.0,2769377026.23,1.0,52.8,43.2,48.488,48.0,0.0,48.445,50.047126984126976,49.77018888888889,50.138587301587286,49.62725238095238
2024-10-29,48.62,48.18,48.1,48.91,39770039.0,1926235120.3,1.0,53.45,43.73,48.434,48.59,0.0,48.36166666666667,49.92101587301587,49.86231825396825,50.047126984126976,49.77018888888889
2024-10-30,48.18,47.2,46.96,48.48,47548494.0,2256717310.93,1.0,53.0,43.36,47.461,48.18,0.0,47.53666666666667,49.69264285714285,49.911133333333325,49.92101587301587,49.86231825396825
2024-10-31,47.21,46.6,46.56,47.4,45672171.0,2138254363.36,1.0,51.92,42.48,46.817,47.2,0.0,46.82833333333334,49.379865079365075,49.9111738095238,49.69264285714285,49.911133333333325
2024-11-01,46.72,47.56,46.72,48.5,61995884.0,2962180400.84,1.0,51.26,41.94,47.78,46.6,0.0,47.43666666666667,49.119277777777775,49.863726984126984,49.379865079365075,49.9111738095238
2024-11-04,48.1,47.99,47.26,48.39,40659229.0,1942430935.72,1.0,52.32,42.8,47.773,47.56,0.0,47.953333333333326,48.911587301587296,49.77337301587301,49.119277777777775,49.863726984126984
2024-11-05,47.62,48.68,47.5,48.84,51436998.0,2489509349.52,1.0,52.79,43.19,48.399,47.99,0.0,48.333333333333336,48.757642857142855,49.645153968253965,48.911587301587296,49.77337301587301
2024-11-06,48.71,48.75,48.25,49.68,53755839.0,2624774466.76,1.0,53.55,43.81,48.828,48.68,0.0,48.815,48.68646825396825,49.49059523809523,48.757642857142855,49.645153968253965
2024-11-07,48.6,50.0,48.41,50.0,58406608.0,2882919253.85,1.0,53.63,43.88,49.359,48.75,0.0,49.501666666666665,48.69950793650794,49.33537222222221,48.68646825396825,49.49059523809523
2024-11-08,50.1,49.5,49.15,50.5,65231445.0,3240522916.53,1.0,55.0,45.0,49.677,50.0,0.0,49.708333333333336,48.74642063492064,49.19615555555555,48.69950793650794,49.33537222222221
2024-11-11,48.99,49.43,48.3,49.67,58679168.0,2870267472.46,1.0,54.45,44.55,48.915,49.5,0.0,49.208333333333336,48.75105555555555,49.06654841269841,48.74642063492064,49.19615555555555
2024-11-12,49.43,49.29,49.05,50.78,76735680.0,3839811096.48,1.0,54.37,44.49,50.039,49.43,0.0,49.52166666666667,48.79438095238095,48.95388492063492,48.75105555555555,49.06654841269841
2024-11-13,49.16,49.35,49.06,50.26,40914137.0,2023644063.37,1.0,54.22,44.36,49.461,49.29,0.0,49.42166666666666,48.83550793650792,48.86817142857143,48.79438095238095,48.95388492063492
2024-11-14,49.27,48.45,48.43,49.7,38909169.0,1911896965.86,1.0,54.29,44.42,49.137,49.35,0.0,48.79166666666668,48.817103174603176,48.81189523809523,48.83550793650792,48.86817142857143
2024-11-15,48.27,47.7,47.7,48.7,33086981.0,1593427808.9,1.0,53.3,43.61,48.159,48.45,0.0,47.96166666666667,48.72279365079364,48.77224682539682,48.817103174603176,48.81189523809523
2024-11-18,47.71,47.2,47.0,48.06,30353555.0,1443825223.57,1.0,52.47,42.93,47.567,47.7,0.0,47.395,48.58478571428571,48.73956666666667,48.72279365079364,48.77224682539682
2024-11-19,47.24,47.43,46.84,47.8,26030458.0,1230951481.61,1.0,51.92,42.48,47.289,47.2,0.0,47.36166666666666,48.45813492063491,48.70961587301587,48.58478571428571,48.73956666666667
2024-11-20,47.44,50.46,47.44,50.79,109567359.0,5459304163.24,1.0,52.17,42.69,49.826,47.43,0.0,49.508333333333326,48.55205555555554,48.6961746031746,48.45813492063491,48.70961587301587
2024-11-21,50.31,50.19,49.75,50.97,48847493.0,2454422662.56,1.0,55.51,45.41,50.247,50.46,0.0,50.26666666666667,48.72388888888888,48.69861269841269,48.55205555555554,48.6961746031746
2024-11-22,50.19,48.27,48.2,50.63,50154761.0,2463628940.67,1.0,55.21,45.17,49.121,50.19,0.0,48.971666666666664,48.7671746031746,48.700688095238085,48.72388888888888,48.69861269841269
2024-11-25,48.6,47.76,47.76,49.49,43612870.0,2119573829.2,1.0,53.1,43.44,48.6,48.27,0.0,48.18833333333333,48.73116666666666,48.6986992063492,48.7671746031746,48.700688095238085
2024-11-26,47.86,48.68,47.8,49.56,39975602.0,1955082311.49,1.0,52.54,42.98,48.907,47.76,0.0,48.54333333333333,48.730190476190465,48.69228015873015,48.73116666666666,48.6986992063492
2024-11-27,48.62,49.99,48.58,50.2,57454360.0,2862205753.74,1.0,53.55,43.81,49.817,48.68,0.0,49.56166666666667,48.82533333333334,48.69126269841269,48.730190476190465,48.69228015873015
2024-11-28,49.95,49.7,49.32,50.75,36721023.0,1836357876.79,1.0,54.99,44.99,50.008,49.99,0.0,49.85333333333333,48.938611111111115,48.70341349206349,48.82533333333334,48.69126269841269
2024-11-29,50.11,50.69,49.8,51.3,69304072.0,3512492251.03,1.0,54.67,44.73,50.682,49.7,0.0,50.546666666666674,49.10351587301586,48.7414857142857,48.938611111111115,48.70341349206349
2024-12-02,50.6,50.45,50.02,50.79,41976462.0,2116109033.03,1.0,55.76,45.62,50.412,50.69,0.0,50.46,49.24535714285714,48.80754285714285,49.10351587301586,48.7414857142857
2024-12-03,50.35,49.63,49.53,50.41,39619749.0,1972432252.84,1.0,55.5,45.41,49.784,50.45,0.0,49.86333333333334,49.31843650793651,48.89357301587301,49.24535714285714,48.80754285714285
2024-12-04,49.65,49.4,49.25,49.98,25826013.0,1281641896.65,1.0,54.59,44.67,49.626,49.63,0.0,49.51333333333333,49.350896825396816,48.97345714285714,49.31843650793651,48.89357301587301
2024-12-05,49.42,48.95,48.45,49.45,29810775.0,1454359603.36,1.0,54.34,44.46,48.786,49.4,0.0,49.028333333333336,49.33384126984129,49.03445238095238,49.350896825396816,48.97345714285714
2024-12-06,48.95,49.53,48.84,49.8,34229110.0,1688375558.64,1.0,53.85,44.06,49.326,48.95,0.0,49.363333333333344,49.35094444444444,49.09282936507936,49.33384126984129,49.03445238095238
2024-12-09,49.98,49.38,49.06,50.09,27661358.0,1368832174.52,1.0,54.48,44.58,49.485,49.53,0.0,49.544999999999995,49.386992063492066,49.158411904761905,49.35094444444444,49.09282936507936
2024-12-10,50.25,48.13,47.61,50.25,102210021.0,4957092801.94,1.0,54.32,44.44,48.499,49.38,0.0,48.75,49.345722222222214,49.21996507936508,49.386992063492066,49.158411904761905
2024-12-11,47.86,48.15,47.51,48.17,42944859.0,2056039719.76,1.0,52.94,43.32,47.876,48.13,0.0,47.998333333333335,49.23653968253968,49.261085714285706,49.345722222222214,49.21996507936508
2024-12-12,48.15,48.04,47.6,48.15,36160892.0,1732532837.9,1.0,52.97,43.34,47.912,48.15,0.0,48.00333333333334,49.134611111111106,49.28068571428572,49.23653968253968,49.261085714285706
2024-12-13,47.8,46.59,46.56,47.91,65077716.0,3061019957.39,1.0,52.84,43.24,47.036,48.04,0.0,47.00666666666666,48.941515873015874,49.26448571428572,49.134611111111106,49.28068571428572
2024-12-16,46.58,46.07,45.8,46.58,35407912.0,1630463503.21,1.0,51.25,41.93,46.048,46.59,0.0,46.195,48.67566666666667,49.20751666666666,48.941515873015874,49.26448571428572
2024-12-17,46.05,46.5,45.9,46.97,31587486.0,1470663475.53,1.0,50.68,41.46,46.558,46.07,0.0,46.403333333333336,48.435373015873026,49.119210317460315,48.67566666666667,49.20751666666666
2024-12-18,46.7,46.59,46.53,47.05,24713965.0,1154970052.49,1.0,51.15,41.85,46.733,46.5,0.0,46.67500000000001,48.22551587301587,49.00667222222222,48.435373015873026,49.119210317460315
2024-12-19,46.18,46.54,45.88,46.66,21746077.0,1007124998.38,1.0,51.25,41.93,46.313,46.59,0.0,46.39000000000001,48.00200793650793,48.873488888888886,48.22551587301587,49.00667222222222
2024-12-20,46.54,46.25,46.22,46.88,26073276.0,1212975575.52,1.0,51.19,41.89,46.522,46.54,0.0,46.39833333333333,47.79775396825397,48.71816984126984,48.00200793650793,48.873488888888886
2024-12-23,46.25,45.85,45.51,46.33,36192684.0,1660614929.28,1.0,50.88,41.63,45.883,46.25,0.0,45.94,47.56210317460317,48.53568095238096,47.79775396825397,48.71816984126984
2024-12-24,45.85,46.33,45.78,46.66,29399109.0,1362414862.76,1.0,50.44,41.27,46.342,45.85,0.0,46.21333333333333,47.363190476190475,48.33742777777778,47.56210317460317,48.53568095238096
2024-12-25,46.56,46.62,46.33,47.0,31525766.0,1472155113.05,1.0,50.96,41.7,46.697,46.33,0.0,46.625,47.214579365079366,48.13523174603174,47.363190476190475,48.33742777777778
2024-12-26,46.5,46.11,45.76,46.54,25582787.0,1178284148.18,1.0,51.28,41.96,46.058,46.62,0.0,46.18833333333333,47.03836507936509,47.925607142857146,47.214579365079366,48.13523174603174
2024-12-27,46.2,46.1,45.9,46.36,21250538.0,980779073.25,1.0,50.72,41.5,46.153,46.11,0.0,46.126666666666665,46.87373015873017,47.718828571428574,47.03836507936509,47.925607142857146
2024-12-30,46.29,46.14,46.05,46.76,25626685.0,1186680454.52,1.0,50.71,41.49,46.306,46.1,0.0,46.25333333333333,46.742206349206334,47.52548253968254,46.87373015873017,47.718828571428574
2024-12-31,46.13,45.9,45.85,46.57,38816593.0,1793640701.25,1.0,50.75,41.53,46.208,46.14,0.0,46.041666666666664,46.610555555555564,47.343000793650795,46.742206349206334,47.52548253968254
2025-01-02,45.88,44.95,44.7,46.1,34813241.0,1575496085.95,1.0,50.49,41.31,45.256,45.9,0.0,45.255,46.42218253968255,47.162667460317465,46.610555555555564,47.343000793650795
2025-01-03,45.0,44.36,44.16,45.17,27387320.0,1223704154.69,1.0,49.45,40.46,44.681,44.95,0.0,44.56833333333333,46.18869047619047,46.98133571428572,46.42218253968255,47.162667460317465
2025-01-06,44.75,45.01,44.38,45.11,30148116.0,1351231040.45,1.0,48.8,39.92,44.82,44.36,0.0,44.87833333333333,46.00596031746032,46.802156349206356,46.18869047619047,46.98133571428572
2025-01-07,45.05,44.04,44.01,45.09,25742175.0,1139218011.97,1.0,49.51,40.51,44.255,45.01,0.0,44.37833333333334,45.79696825396825,46.625642857142864,46.00596031746032,46.802156349206356
2025-01-08,44.05,43.55,42.95,44.18,35032742.0,1524946448.18,1.0,48.44,39.64,43.529,44.04,0.0,43.63833333333333,45.54210317460317,46.443534126984126,45.79696825396825,46.625642857142864
2025-01-09,43.58,43.08,43.06,43.87,25776764.0,1116825881.19,1.0,47.91,39.2,43.327,43.55,0.0,43.291666666666664,45.27856349206349,46.24993253968255,45.54210317460317,46.443534126984126
2025-01-10,43.06,42.67,42.53,43.41,26575159.0,1138717521.36,1.0,47.39,38.77,42.849,43.08,0.0,42.835,44.99394444444444,46.04549047619047,45.27856349206349,46.24993253968255
2025-01-13,42.51,42.81,42.4,43.17,19112933.0,819457430.24,1.0,46.94,38.4,42.874,42.67,0.0,42.751666666666665,44.726,45.83071746031746,44.99394444444444,46.04549047619047
2025-01-14,42.81,44.29,42.81,44.41,33775503.0,1481294681.65,1.0,47.09,38.53,43.857,42.81,0.0,43.81666666666666,44.57974603174605,45.614471428571434,44.726,45.83071746031746
2025-01-15,44.26,43.88,43.66,44.28,18496457.0,810779951.28,1.0,48.72,39.86,43.834,44.29,0.0,43.973333333333336,44.459738095238095,45.399389682539685,44.57974603174605,45.614471428571434
2025-01-16,44.08,42.9,42.86,44.15,31015771.0,1344908223.77,1.0,48.27,39.49,43.362,43.88,0.0,43.298333333333325,44.28701587301586,45.185873015873014,44.459738095238095,45.399389682539685
2025-01-17,42.5,42.84,42.44,43.08,20061220.0,857835007.46,1.0,47.19,38.61,42.761,42.9,0.0,42.75666666666667,44.07878571428571,44.97488253968254,44.28701587301586,45.185873015873014
2025-01-20,43.29,44.52,43.28,45.36,55860298.0,2490393184.67,1.0,47.12,38.56,44.583,42.84,0.0,44.248333333333335,44.02992063492064,44.77727857142857,44.07878571428571,44.97488253968254
2025-01-21,44.85,45.13,44.55,45.3,35398018.0,1593272359.92,1.0,48.97,40.07,45.01,44.52,0.0,45.01500000000001,44.06430952380952,44.60401269841269,44.02992063492064,44.77727857142857
2025-01-22,45.03,44.43,44.24,45.24,21075095.0,939501099.3,1.0,49.64,40.62,44.579,45.13,0.0,44.63333333333333,44.06675396825396,44.45647777777778,44.06430952380952,44.60401269841269
2025-01-23,44.55,43.96,43.77,44.82,28608225.0,1264462646.05,1.0,48.87,39.99,44.199,44.43,0.0,44.169999999999995,44.03259523809524,44.331880952380956,44.06675396825396,44.45647777777778
2025-01-24,43.87,44.64,43.82,45.15,35046072.0,1569811205.49,1.0,48.36,39.56,44.793,43.96,0.0,44.46000000000001,44.03774603174604,44.23626111111112,44.03259523809524,44.331880952380956
2025-01-27,44.8,44.65,44.58,45.18,19306771.0,864900092.53,1.0,49.1,40.18,44.798,44.64,0.0,44.751666666666665,44.07890476190477,44.171551587301586,44.03774603174604,44.23626111111112
2025-02-05,44.67,44.01,43.87,44.8,27440678.0,1209865781.14,1.0,49.12,40.19,44.09,44.65,0.0,44.22833333333333,44.076769841269844,44.12125396825397,44.07890476190477,44.171551587301586
2025-02-06,44.13,44.36,43.67,44.55,25217720.0,1113529253.01,1.0,48.41,39.61,44.157,44.01,0.0,44.23833333333334,44.08523015873017,44.083803174603176,44.076769841269844,44.12125396825397
2025-02-07,44.36,45.29,44.0,46.33,50542235.0,2283393394.93,1.0,48.8,39.92,45.178,44.36,0.0,45.093333333333334,44.18370634920635,44.07347222222223,44.08523015873017,44.083803174603176
2025-02-10,45.5,44.88,44.67,45.5,37889246.0,1702769262.7,1.0,49.82,40.76,44.941,45.29,0.0,45.05166666666667,44.278984126984135,44.093492063492064,44.18370634920635,44.07347222222223
2025-02-11,45.0,44.19,44.05,45.1,31067830.0,1376208094.07,1.0,49.37,40.39,44.297,44.88,0.0,44.453333333333326,44.314976190476195,44.12199761904762,44.278984126984135,44.093492063492064
2025-02-12,44.2,44.44,44.02,44.55,25175738.0,1113067394.45,1.0,48.61,39.77,44.212,44.19,0.0,44.34833333333333,44.342992063492076,44.14986587301588,44.314976190476195,44.12199761904762
2025-02-13,44.3,44.64,44.06,45.06,37862524.0,1692124021.54,1.0,48.88,40.0,44.691,44.44,0.0,44.55666666666667,44.390992063492064,44.18228968253969,44.342992063492076,44.14986587301588
2025-02-14,44.62,45.5,44.56,45.77,52217434.0,2363013539.28,1.0,49.1,40.18,45.253,44.64,0.0,45.241666666666674,44.499857142857145,44.22901587301588,44.390992063492064,44.18228968253969
2025-02-17,45.8,45.26,44.95,46.31,55765326.0,2543137861.2,1.0,50.05,40.95,45.604,45.5,0.0,45.47333333333333,44.6215,44.28739126984127,44.499857142857145,44.22901587301588
2025-02-18,45.31,44.82,44.66,45.77,35021947.0,1582024378.86,1.0,49.79,40.73,45.172,45.26,0.0,45.03333333333334,44.6886746031746,44.34836825396826,44.6215,44.28739126984127
2025-02-19,44.74,44.71,44.2,45.18,36761103.0,1642055731.15,1.0,49.3,40.34,44.668,44.82,0.0,44.708333333333336,44.71403174603176,44.41209444444445,44.6886746031746,44.34836825396826
2025-02-20,44.75,46.5,44.75,46.98,85405751.0,3962875923.52,1.0,49.18,40.24,46.401,44.71,0.0,45.99666666666667,44.85784126984127,44.48935555555556,44.71403174603176,44.41209444444445
2025-02-21,46.7,48.28,46.53,48.48,97511816.0,4658378219.41,1.0,51.15,41.85,47.772,46.5,0.0,47.75833333333333,45.15979365079365,44.58696428571429,44.85784126984127,44.48935555555556
2025-02-24,48.4,48.09,47.6,48.65,53308063.0,2562457640.47,1.0,53.11,43.45,48.069,48.28,0.0,48.153333333333336,45.47812698412698,44.70687857142857,45.15979365079365,44.58696428571429
2025-02-25,47.64,47.37,47.17,48.25,35433199.0,1689640415.06,1.0,52.9,43.28,47.685,48.09,0.0,47.528333333333336,45.71123809523809,44.84650476190477,45.47812698412698,44.70687857142857
2025-02-26,47.6,47.55,46.95,47.74,32811280.0,1551997434.97,1.0,52.11,42.63,47.301,47.37,0.0,47.49,45.92507936507936,45.00471349206349,45.71123809523809,44.84650476190477
2025-02-27,47.4,47.91,47.19,48.36,36908148.0,1768169580.83,1.0,52.31,42.8,47.907,47.55,0.0,47.78,46.15475396825398,45.181089682539685,45.92507936507936,45.00471349206349
2025-02-28,47.71,45.96,45.81,48.1,49161519.0,2294571489.32,1.0,52.7,43.12,46.674,47.91,0.0,46.583333333333336,46.25547619047619,45.356651587301585,46.15475396825398,45.181089682539685
2025-03-03,45.95,45.92,45.77,46.81,31894554.0,1476382970.87,1.0,50.56,41.36,46.29,45.96,0.0,46.048333333333325,46.29375396825397,45.523876984126986,46.25547619047619,45.356651587301585
2025-03-04,45.81,45.86,45.38,46.09,24333671.0,1113598158.63,1.0,50.51,41.33,45.764,45.92,0.0,45.81,46.301769841269845,45.68518650793651,46.29375396825397,45.523876984126986
2025-03-05,45.86,45.98,45.46,46.12,25266965.0,1157331477.15,1.0,50.45,41.27,45.804,45.86,0.0,45.89666666666667,46.31300000000001,45.845083333333335,46.301769841269845,45.68518650793651
2025-03-06,46.3,46.52,46.05,46.86,33138915.0,1539946175.54,1.0,50.58,41.38,46.469,45.98,0.0,46.46166666666667,46.370095238095246,45.99630873015873,46.31300000000001,45.845083333333335
2025-03-07,46.4,45.68,45.52,46.4,33661440.0,1544840661.78,1.0,51.17,41.87,45.893,46.52,0.0,45.89333333333334,46.362476190476194,46.116576984126986,46.370095238095246,45.99630873015873
2025-03-10,45.82,45.49,45.0,46.16,34360556.0,1561460746.5,1.0,50.25,41.11,45.443,45.68,0.0,45.574999999999996,46.32073015873017,46.200837301587306,46.362476190476194,46.116576984126986
2025-03-11,45.05,45.34,44.95,45.49,29153512.0,1317152157.79,1.0,50.04,40.94,45.18,45.49,0.0,45.251666666666665,46.24569841269841,46.25428333333333,46.32073015873017,46.200837301587306
2025-03-12,45.38,45.0,44.95,45.79,33955147.0,1533371102.77,1.0,49.87,40.81,45.159,45.34,0.0,45.18666666666667,46.1606746031746,46.27784285714286,46.24569841269841,46.25428333333333
2025-03-13,45.05,45.03,44.77,45.28,24334895.0,1095003466.93,1.0,49.5,40.5,44.997,45.0,0.0,45.031666666666666,46.056896825396834,46.268057142857145,46.1606746031746,46.27784285714286
2025-03-14,45.12,46.54,44.88,46.87,57320676.0,2648874640.54,1.0,49.53,40.53,46.212,45.03,0.0,46.08166666666667,46.05085714285715,46.247595238095236,46.056896825396834,46.268057142857145
2025-03-17,47.32,46.48,46.38,47.35,27743095.0,1295638303.48,1.0,51.19,41.89,46.701,46.54,0.0,46.748333333333335,46.10430952380952,46.2286507936508,46.05085714285715,46.247595238095236
2025-03-18,46.88,46.5,46.42,47.48,30830946.0,1443933601.28,1.0,51.13,41.83,46.834,46.48,0.0,46.71333333333333,46.148357142857144,46.21330952380953,46.10430952380952,46.2286507936508
2025-03-19,46.52,47.29,46.3,48.12,48516179.0,2295409174.54,1.0,51.15,41.85,47.312,46.5,0.0,47.135,46.224563492063496,46.20446587301588,46.148357142857144,46.21330952380953
2025-03-20,47.2,46.63,46.48,47.47,32518757.0,1521454257.04,1.0,52.02,42.56,46.787,47.29,0.0,46.84,46.26111904761904,46.19356825396825,46.224563492063496,46.20446587301588
2025-03-21,46.4,44.85,44.83,46.63,54153818.0,2458827778.08,1.0,51.29,41.97,45.405,46.63,0.0,45.40166666666667,46.156674603174615,46.1729880952381,46.26111904761904,46.19356825396825
2025-03-24,44.86,44.35,44.2,45.04,32707594.0,1454999354.39,1.0,49.34,40.37,44.485,44.85,0.0,44.525000000000006,45.979960317460325,46.13891111111111,46.156674603174615,46.1729880952381
2025-03-25,44.47,44.87,44.23,45.02,22910500.0,1026660591.91,1.0,48.79,39.92,44.812,44.35,0.0,44.721666666666664,45.839253968253956,46.09826666666667,45.979960317460325,46.13891111111111
2025-03-26,46.2,46.23,46.07,46.94,61103593.0,2832596084.14,1.0,49.36,40.38,46.357,44.87,0.0,46.31666666666666,45.86381746031747,46.068580952380955,45.839253968253956,46.09826666666667
2025-03-27,46.08,48.39,45.6,48.42,86863207.0,4127696681.49,1.0,50.85,41.61,47.52,46.23,0.0,47.54500000000001,46.010952380952375,46.06398650793651,45.86381746031747,46.068580952380955
2025-03-28,48.39,48.61,48.39,49.53,77299809.0,3782798004.31,1.0,53.23,43.55,48.937,48.39,0.0,48.69,46.26825396825399,46.085726190476194,46.010952380952375,46.06398650793651
2025-03-31,48.98,49.2,48.85,50.08,78316591.0,3863528326.03,1.0,53.47,43.75,49.332,48.61,0.0,49.25166666666667,46.56901587301588,46.13219682539683,46.26825396825399,46.085726190476194
2025-04-01,49.2,51.8,48.91,52.5,135906280.0,6963773597.38,1.0,54.12,44.28,51.24,49.2,0.0,51.001666666666665,47.021190476190476,46.21948015873016,46.56901587301588,46.13219682539683
2025-04-02,51.32,50.85,50.66,51.76,63187882.0,3230471821.19,1.0,56.98,46.62,51.125,51.8,0.0,51.048333333333325,47.45308730158729,46.34233253968254,47.021190476190476,46.21948015873016
2025-04-03,50.41,51.04,50.41,51.6,51785846.0,2643033087.33,1.0,55.94,45.77,51.038,50.85,0.0,50.923333333333325,47.8485476190476,46.5010753968254,47.45308730158729,46.34233253968254
2025-04-07,48.8,48.7,46.76,49.85,115503305.0,5580749461.86,1.0,56.14,45.94,48.317,51.04,0.0,48.58500000000001,48.0000634920635,46.68541428571429,47.8485476190476,46.5010753968254
2025-04-08,48.8,48.7,47.26,49.29,98764578.0,4739094855.94,1.0,53.57,43.83,47.984,48.7,0.0,48.57500000000001,48.137809523809516,46.901199206349204,48.0000634920635,46.68541428571429
2025-04-09,47.73,48.22,45.86,48.22,97519951.0,4574095268.46,1.0,53.57,43.83,46.904,48.7,0.0,47.745,48.18222222222223,47.13549603174603,48.137809523809516,46.901199206349204
2025-04-10,48.97,48.5,47.86,49.09,73171260.0,3541702205.29,1.0,53.04,43.4,48.403,48.22,0.0,48.57,48.29333333333334,47.37844761904762,48.18222222222223,47.13549603174603
2025-04-11,48.16,48.38,47.8,48.68,42579799.0,2053266780.64,1.0,53.35,43.65,48.222,48.5,0.0,48.296666666666674,48.36230158730159,47.61358253968254,48.29333333333334,47.37844761904762
2025-04-14,48.38,48.87,48.1,50.0,57183442.0,2811326096.96,1.0,53.22,43.54,49.163,48.38,0.0,48.84833333333333,48.4682619047619,47.83358333333333,48.36230158730159,47.61358253968254
2025-04-15,48.6,48.27,47.92,48.93,32628885.0,1571241599.38,1.0,53.76,43.98,48.155,48.87,0.0,48.376666666666665,48.516126984126984,48.02829444444444,48.4682619047619,47.83358333333333
2025-04-16,48.4,48.9,47.36,48.9,45534414.0,2184411134.08,1.0,53.1,43.44,47.973,48.27,0.0,48.56,48.57369841269843,48.18354523809524,48.516126984126984,48.02829444444444
2025-04-17,48.54,48.78,48.32,48.87,30390040.0,1477059115.16,1.0,53.79,44.01,48.603,48.9,0.0,48.678333333333335,48.63374603174606,48.301611111111114,48.57369841269843,48.18354523809524
2025-04-18,48.58,48.0,47.86,48.92,25330179.0,1217785120.63,1.0,53.66,43.9,48.076,48.78,0.0,48.22666666666667,48.64342857142857,48.38109920634921,48.63374603174606,48.301611111111114
2025-04-21,47.7,49.17,47.63,49.4,37068001.0,1811287012.42,1.0,52.8,43.2,48.864,48.0,0.0,48.70666666666667,48.692222222222235,48.45031507936509,48.64342857142857,48.38109920634921
2025-04-22,49.04,50.97,49.04,51.3,61789198.0,3116791042.67,1.0,54.09,44.25,50.442,49.17,0.0,50.38166666666667,48.88480158730158,48.52501428571429,48.692222222222235,48.45031507936509
