,open,close,low,high,volume,money,ma_short,ma_long,ma_short_2days_ago,ma_long_2days_ago,ma_short_1day_ago,ma_long_1day_ago
2023-11-01,47.54,47.56,46.89,47.77,33856631.0,1601908875.0,,,48.916999999999994,48.95700000000001,49.178999999999995,49.201499999999996
2023-11-02,47.76,47.49,47.3,47.79,20690134.0,983703283.0,,,48.916999999999994,48.95700000000001,49.178999999999995,49.201499999999996
2023-11-03,47.39,47.11,47.0,47.69,21466394.0,1015296077.0,,,48.916999999999994,48.95700000000001,49.178999999999995,49.201499999999996
2023-11-06,48.08,47.92,47.75,48.46,38138150.0,1834312514.0,,,48.916999999999994,48.95700000000001,49.178999999999995,49.201499999999996
2023-11-07,48.09,48.02,47.77,48.39,26373517.0,1270647902.0,,,48.916999999999994,48.95700000000001,49.178999999999995,49.201499999999996
2023-11-08,48.06,48.86,48.06,49.32,32119814.0,1567457009.0,,,48.916999999999994,48.95700000000001,49.178999999999995,49.201499999999996
2023-11-09,48.72,47.97,47.86,48.95,29722826.0,1431770225.0,,,48.916999999999994,48.95700000000001,49.178999999999995,49.201499999999996
2023-11-10,47.69,47.98,47.62,48.27,18815882.0,902627142.0,,,48.916999999999994,48.95700000000001,49.178999999999995,49.201499999999996
2023-11-13,48.1,46.9,46.66,48.23,34154624.0,1606447219.0,,,48.916999999999994,48.95700000000001,49.178999999999995,49.201499999999996
2023-11-14,46.97,46.64,46.4,47.27,20856147.0,973364199.0,47.644999999999996,,48.916999999999994,48.95700000000001,49.178999999999995,49.201499999999996
2023-11-15,47.27,46.93,46.76,47.57,15806648.0,743383344.0,47.582,,48.916999999999994,48.95700000000001,49.178999999999995,49.201499999999996
2023-11-16,46.63,46.4,46.36,47.08,14077307.0,655045907.0,47.473,,48.916999999999994,48.95700000000001,49.178999999999995,49.201499999999996
2023-11-17,46.39,46.74,46.28,46.93,21361595.0,995487699.0,47.43599999999999,,48.916999999999994,48.95700000000001,49.178999999999995,49.201499999999996
2023-11-20,46.81,47.09,46.56,47.57,23306250.0,1096914505.0,47.353,,48.916999999999994,48.95700000000001,49.178999999999995,49.201499999999996
2023-11-21,47.2,47.18,46.91,47.67,20722851.0,981885820.0,47.269,,48.916999999999994,48.95700000000001,49.178999999999995,49.201499999999996
2023-11-22,47.18,46.74,46.74,47.26,12799059.0,600591031.0,47.057,,48.916999999999994,48.95700000000001,49.178999999999995,49.201499999999996
2023-11-23,46.75,46.77,46.25,46.87,12793525.0,596480165.0,46.937,,48.916999999999994,48.95700000000001,49.178999999999995,49.201499999999996
2023-11-24,46.61,46.53,46.32,46.81,14772760.0,688379061.0,46.791999999999994,,48.916999999999994,48.95700000000001,49.178999999999995,49.201499999999996
2023-11-27,46.52,46.4,46.03,46.7,18601410.0,863329196.0,46.742000000000004,,48.916999999999994,48.95700000000001,49.178999999999995,49.201499999999996
2023-11-28,46.3,47.1,46.18,47.1,20593174.0,963092934.0,46.788,47.2165,48.916999999999994,48.95700000000001,49.178999999999995,49.201499999999996
2023-11-29,47.1,47.26,46.93,47.49,17695877.0,835534026.0,46.821000000000005,47.201499999999996,48.916999999999994,48.95700000000001,49.178999999999995,49.201499999999996
2023-11-30,47.29,47.61,47.03,47.67,21783614.0,1034052589.0,46.942,47.2075,48.916999999999994,48.95700000000001,49.178999999999995,49.201499999999996
2023-12-01,47.54,46.18,45.44,47.72,41166791.0,1904555696.0,46.886,47.161,48.916999999999994,48.95700000000001,49.178999999999995,49.201499999999996
2023-12-04,46.16,45.6,45.11,46.24,27923605.0,1277259197.0,46.737,47.045,48.916999999999994,48.95700000000001,49.178999999999995,49.201499999999996
2023-12-05,45.44,44.87,44.77,45.91,26807151.0,1213967601.0,46.506,46.8875,48.916999999999994,48.95700000000001,49.178999999999995,49.201499999999996
2023-12-06,44.84,45.02,44.47,45.63,22217876.0,1000552801.0,46.333999999999996,46.695499999999996,48.916999999999994,48.95700000000001,49.178999999999995,49.201499999999996
2023-12-07,45.09,44.4,44.35,45.36,23947479.0,1069538351.0,46.097,46.517,48.916999999999994,48.95700000000001,49.178999999999995,49.201499999999996
2023-12-08,44.39,45.2,44.27,45.27,29492144.0,1326068365.0,45.964000000000006,46.378,48.916999999999994,48.95700000000001,49.178999999999995,49.201499999999996
2023-12-11,44.98,46.13,44.68,46.2,26999109.0,1225504470.0,45.937,46.3395,48.916999999999994,48.95700000000001,49.178999999999995,49.201499999999996
2023-12-12,46.13,45.41,45.06,46.26,21479700.0,974828671.0,45.767999999999994,46.278,48.916999999999994,48.95700000000001,49.178999999999995,49.201499999999996
2023-12-13,45.15,45.23,45.13,45.7,18836662.0,856154192.0,45.565,46.193,48.916999999999994,48.95700000000001,49.178999999999995,49.201499999999996
2023-12-14,45.69,45.34,45.18,45.8,19572592.0,890571700.0,45.338,46.14,48.916999999999994,48.95700000000001,49.178999999999995,49.201499999999996
2023-12-15,45.36,44.28,44.07,45.45,26128810.0,1163993227.0,45.148,46.017,48.916999999999994,48.95700000000001,49.178999999999995,49.201499999999996
2023-12-18,44.21,45.1,43.8,45.39,24688551.0,1110849272.0,45.098,45.917500000000004,48.916999999999994,48.95700000000001,49.178999999999995,49.201499999999996
2023-12-19,45.02,44.4,43.83,45.05,21618553.0,958138755.0,45.051,45.7785,48.916999999999994,48.95700000000001,49.178999999999995,49.201499999999996
2023-12-20,44.32,43.85,43.81,44.8,19144900.0,846390827.54,44.934000000000005,45.634,48.916999999999994,48.95700000000001,49.178999999999995,49.201499999999996
2023-12-21,43.8,44.11,43.68,44.25,18996789.0,835984121.52,44.905,45.501000000000005,48.916999999999994,48.95700000000001,49.178999999999995,49.201499999999996
2023-12-22,44.1,43.64,43.14,44.19,24443729.0,1067834266.0,44.749,45.3565,48.916999999999994,48.95700000000001,49.178999999999995,49.201499999999996
2023-12-25,43.64,43.63,43.53,44.17,13475768.0,590059431.0,44.499,45.218,48.916999999999994,48.95700000000001,49.178999999999995,49.201499999999996
2023-12-26,43.63,43.61,42.93,43.7,15184545.0,657505417.63,44.319,45.0435,48.916999999999994,48.95700000000001,49.178999999999995,49.201499999999996
2023-12-27,43.53,43.71,42.99,43.83,21786798.0,947551025.19,44.167,44.866,48.916999999999994,48.95700000000001,49.178999999999995,49.201499999999996
2023-12-28,43.72,44.37,43.56,44.47,31027350.0,1370257484.79,44.07000000000001,44.70399999999999,48.916999999999994,48.95700000000001,49.178999999999995,49.201499999999996
2023-12-29,44.5,44.85,44.27,45.01,24445971.0,1094134425.12,44.126999999999995,44.6375,48.916999999999994,48.95700000000001,49.178999999999995,49.201499999999996
2024-01-02,44.86,44.09,43.98,45.05,18417447.0,815829089.2,44.025999999999996,44.562,48.916999999999994,48.95700000000001,49.178999999999995,49.201499999999996
2024-01-03,43.83,43.85,43.68,44.5,14795220.0,651690508.0,43.971000000000004,44.511,48.916999999999994,48.95700000000001,49.178999999999995,49.201499999999996
2024-01-04,43.92,43.42,42.52,43.96,34195392.0,1468337357.18,43.928,44.431,48.916999999999994,48.95700000000001,49.178999999999995,49.201499999999996
2024-01-05,42.94,41.59,40.93,43.13,49947516.0,2085701636.99,43.676,44.2905,48.916999999999994,48.95700000000001,49.178999999999995,49.201499999999996
2024-01-08,41.44,40.76,40.65,41.44,30266544.0,1238699558.53,43.388,44.0685,48.916999999999994,48.95700000000001,49.178999999999995,49.201499999999996
2024-01-09,40.8,40.85,40.53,41.21,21356582.0,872816754.0,43.11,43.804500000000004,48.916999999999994,48.95700000000001,49.178999999999995,49.201499999999996
2024-01-10,40.85,41.15,40.42,41.63,20851939.0,860280445.0,42.864,43.5915,48.916999999999994,48.95700000000001,49.178999999999995,49.201499999999996
2024-01-11,41.16,41.13,40.83,41.49,19134745.0,788171079.41,42.606,43.3865,48.916999999999994,48.95700000000001,49.178999999999995,49.201499999999996
2024-01-12,40.86,40.75,40.57,41.25,13383972.0,548157565.18,42.244,43.157,48.916999999999994,48.95700000000001,49.178999999999995,49.201499999999996
2024-01-15,40.35,41.16,40.33,41.54,15021259.0,617603017.81,41.875,43.001,48.916999999999994,48.95700000000001,49.178999999999995,49.201499999999996
2024-01-16,40.85,41.06,40.45,41.3,18817764.0,768555374.44,41.572,42.799,48.916999999999994,48.95700000000001,49.178999999999995,49.201499999999996
2024-01-17,40.78,39.77,39.77,40.94,24229299.0,974124256.66,41.164,42.5675,48.916999999999994,48.95700000000001,49.178999999999995,49.201499999999996
2024-01-18,39.66,40.94,39.13,41.05,39048588.0,1559153302.9,40.916000000000004,42.422,48.916999999999994,48.95700000000001,49.178999999999995,49.201499999999996
2024-01-19,40.74,41.06,40.46,41.25,32011765.0,1309874297.14,40.863,42.2695,48.916999999999994,48.95700000000001,49.178999999999995,49.201499999999996
2024-01-22,41.05,40.43,39.79,41.35,35237457.0,1430463188.42,40.83,42.108999999999995,48.916999999999994,48.95700000000001,49.178999999999995,49.201499999999996
2024-01-23,40.33,39.96,39.89,40.57,21065386.0,846394265.0,40.741,41.9255,48.916999999999994,48.95700000000001,49.178999999999995,49.201499999999996
2024-01-24,40.33,40.18,39.16,40.38,25218705.0,1001342748.6,40.644,41.754,48.916999999999994,48.95700000000001,49.178999999999995,49.201499999999996
2024-01-25,40.49,40.85,39.71,40.85,28130427.0,1134726995.76,40.616,41.611000000000004,48.916999999999994,48.95700000000001,49.178999999999995,49.201499999999996
2024-01-26,40.55,39.96,39.67,40.87,30539710.0,1230888858.48,40.537,41.3905,48.916999999999994,48.95700000000001,49.178999999999995,49.201499999999996
2024-01-29,39.91,38.92,38.7,40.21,28346199.0,1112608512.86,40.313,41.094,48.916999999999994,48.95700000000001,49.178999999999995,49.201499999999996
2024-01-30,38.89,38.36,38.23,39.1,23501190.0,905581935.21,40.043000000000006,40.8075,48.916999999999994,48.95700000000001,49.178999999999995,49.201499999999996
2024-01-31,38.07,37.13,36.9,38.27,38386199.0,1433750350.77,39.779,40.4715,48.916999999999994,48.95700000000001,49.178999999999995,49.201499999999996
2024-02-01,36.88,36.84,36.57,37.74,30281015.0,1122310504.39,39.369,40.1425,48.916999999999994,48.95700000000001,49.178999999999995,49.201499999999996
2024-02-02,36.9,35.64,35.21,37.35,36356742.0,1317464771.07,38.827,39.845,48.916999999999994,48.95700000000001,49.178999999999995,49.201499999999996
2024-02-05,35.67,37.08,35.49,37.64,50221015.0,1835851264.04,38.492000000000004,39.661,48.916999999999994,48.95700000000001,49.178999999999995,49.201499999999996
2024-02-06,37.08,40.65,36.88,40.7,57306890.0,2272656933.13,38.561,39.650999999999996,48.916999999999994,48.95700000000001,49.178999999999995,49.201499999999996
2024-02-07,40.9,41.48,40.17,41.5,52660280.0,2164428887.88,38.691,39.667500000000004,48.916999999999994,48.95700000000001,49.178999999999995,49.201499999999996
2024-02-08,41.48,41.51,40.83,42.19,38320338.0,1579175792.98,38.757,39.6865,48.916999999999994,48.95700000000001,49.178999999999995,49.201499999999996
2024-02-19,41.5,41.31,40.7,41.81,25598518.0,1055722626.8,38.892,39.7145,48.916999999999994,48.95700000000001,49.178999999999995,49.201499999999996
2024-02-20,41.38,41.5,41.16,41.87,21407582.0,889338538.6,39.15,39.7315,48.916999999999994,48.95700000000001,49.178999999999995,49.201499999999996
2024-02-21,41.52,41.86,41.1,42.1,30157979.0,1260180460.37,39.5,39.771499999999996,48.916999999999994,48.95700000000001,49.178999999999995,49.201499999999996
2024-02-22,41.64,42.07,41.6,42.18,17680470.0,740956883.04,39.994,39.8865,48.916999999999994,48.95700000000001,49.178999999999995,49.201499999999996
2024-02-23,42.07,42.03,41.52,42.5,23147522.0,971812475.71,40.513,39.941,48.916999999999994,48.95700000000001,49.178999999999995,49.201499999999996
2024-02-26,41.85,41.72,41.44,42.13,19040180.0,796444427.68,41.121,39.974000000000004,48.916999999999994,48.95700000000001,49.178999999999995,49.201499999999996
2024-02-27,41.74,41.91,41.48,41.97,17767238.0,740889141.59,41.604,40.048,48.916999999999994,48.95700000000001,49.178999999999995,49.201499999999996
2024-02-28,42.11,41.87,41.87,43.22,34303554.0,1458671569.03,41.726,40.1435,48.916999999999994,48.95700000000001,49.178999999999995,49.201499999999996
2024-02-29,41.86,42.28,41.74,42.49,25558227.0,1076844665.81,41.806,40.2485,48.916999999999994,48.95700000000001,49.178999999999995,49.201499999999996
2024-03-01,42.28,42.16,41.74,42.55,21748683.0,916978865.76,41.870999999999995,40.314,48.916999999999994,48.95700000000001,49.178999999999995,49.201499999999996
2024-03-04,42.16,43.53,42.1,43.61,37979850.0,1640672141.8,42.092999999999996,40.4925,48.916999999999994,48.95700000000001,49.178999999999995,49.201499999999996
2024-03-05,43.53,44.18,43.25,44.32,37438469.0,1643167914.53,42.361,40.7555,48.916999999999994,48.95700000000001,49.178999999999995,49.201499999999996
2024-03-06,44.27,43.59,43.33,44.52,21885220.0,957081998.03,42.534000000000006,41.017,48.916999999999994,48.95700000000001,49.178999999999995,49.201499999999996
2024-03-07,43.53,41.59,41.25,43.59,46135670.0,1939466491.56,42.486,41.24,48.916999999999994,48.95700000000001,49.178999999999995,49.201499999999996
2024-03-08,41.58,41.53,41.27,42.34,27979770.0,1164468603.97,42.436,41.4745,48.916999999999994,48.95700000000001,49.178999999999995,49.201499999999996
2024-03-11,41.54,43.23,41.33,43.33,32825947.0,1400965850.01,42.587,41.854,48.916999999999994,48.95700000000001,49.178999999999995,49.201499999999996
2024-03-12,43.34,44.55,42.83,44.9,43511056.0,1921884772.99,42.851,42.2275,48.916999999999994,48.95700000000001,49.178999999999995,49.201499999999996
2024-03-13,44.62,44.3,43.78,44.65,20927480.0,924209601.6,43.094,42.410000000000004,48.916999999999994,48.95700000000001,49.178999999999995,49.201499999999996
2024-03-14,48.58,46.63,46.11,48.73,110867460.0,5248912837.58,43.528999999999996,42.667500000000004,48.916999999999994,48.95700000000001,49.178999999999995,49.201499999999996
2024-03-15,46.58,46.73,46.1,47.54,44234173.0,2069250034.91,43.986000000000004,42.9285,48.916999999999994,48.95700000000001,49.178999999999995,49.201499999999996
2024-03-18,46.6,46.88,46.05,47.27,30046996.0,1406103940.76,44.321000000000005,43.207,48.916999999999994,48.95700000000001,49.178999999999995,49.201499999999996
2024-03-19,46.51,45.58,45.51,46.93,27438167.0,1262475447.66,44.461,43.411,48.916999999999994,48.95700000000001,49.178999999999995,49.201499999999996
2024-03-20,45.27,45.24,44.92,45.52,22694438.0,1025230381.89,44.626,43.58,48.916999999999994,48.95700000000001,49.178999999999995,49.201499999999996
2024-03-21,45.46,45.24,45.06,45.68,18492998.0,839240723.74,44.991,43.7385,48.916999999999994,48.95700000000001,49.178999999999995,49.201499999999996
2024-03-22,45.15,45.54,44.72,45.61,24433238.0,1103378347.93,45.391999999999996,43.914,48.916999999999994,48.95700000000001,49.178999999999995,49.201499999999996
2024-03-25,45.56,45.77,45.42,46.42,23461505.0,1078638224.19,45.646,44.116499999999995,48.916999999999994,48.95700000000001,49.178999999999995,49.201499999999996
2024-03-26,45.71,45.88,45.48,46.19,20177695.0,925152064.52,45.779,44.315,48.916999999999994,48.95700000000001,49.178999999999995,49.201499999999996
2024-03-27,45.81,45.52,45.31,45.96,15700352.0,716342077.78,45.900999999999996,44.4975,48.916999999999994,48.95700000000001,49.178999999999995,49.201499999999996
2024-03-28,45.52,45.82,45.15,46.46,21585543.0,993801317.63,45.82000000000001,44.6745,48.916999999999994,48.95700000000001,49.178999999999995,49.201499999999996
2024-03-29,45.82,45.58,45.01,45.98,18864207.0,857879350.53,45.705,44.8455,48.916999999999994,48.95700000000001,49.178999999999995,49.201499999999996
2024-04-01,45.59,45.93,45.59,46.4,20395913.0,937070923.68,45.61,44.9655,48.916999999999994,48.95700000000001,49.178999999999995,49.201499999999996
2024-04-02,45.81,45.07,44.68,46.29,22683241.0,1024255823.62,45.559000000000005,45.010000000000005,48.916999999999994,48.95700000000001,49.178999999999995,49.201499999999996
2024-04-03,44.72,44.38,44.14,44.94,23893648.0,1064081571.99,45.473,45.0495,48.916999999999994,48.95700000000001,49.178999999999995,49.201499999999996
2024-04-08,44.42,45.01,44.42,45.48,23829473.0,1071343513.58,45.45,45.2205,48.916999999999994,48.95700000000001,49.178999999999995,49.201499999999996
2024-04-09,45.01,45.15,43.9,45.24,21711906.0,967808523.02,45.411,45.4015,48.916999999999994,48.95700000000001,49.178999999999995,49.201499999999996
2024-04-10,45.15,45.06,44.52,45.59,16493346.0,744122727.17,45.339999999999996,45.493,48.916999999999994,48.95700000000001,49.178999999999995,49.201499999999996
2024-04-11,44.67,44.56,44.25,45.1,18768790.0,837102507.48,45.208,45.4935,48.916999999999994,48.95700000000001,49.178999999999995,49.201499999999996
2024-04-12,44.42,43.71,43.58,44.96,22402446.0,987099186.64,45.027,45.464,48.916999999999994,48.95700000000001,49.178999999999995,49.201499999999996
2024-04-15,43.76,44.18,43.71,44.77,22216733.0,984050772.26,44.86300000000001,45.341499999999996,48.916999999999994,48.95700000000001,49.178999999999995,49.201499999999996
2024-04-16,43.95,43.88,43.42,44.27,23586335.0,1033684469.67,44.693,45.199,48.916999999999994,48.95700000000001,49.178999999999995,49.201499999999996
2024-04-17,43.97,44.01,43.47,44.4,23475269.0,1032367343.51,44.501,45.0555,48.916999999999994,48.95700000000001,49.178999999999995,49.201499999999996
2024-04-18,44.82,41.99,41.84,45.11,59523048.0,2541878650.67,44.193,44.876,48.916999999999994,48.95700000000001,49.178999999999995,49.201499999999996
2024-04-19,41.64,41.33,40.87,41.98,38755092.0,1601560704.13,43.888,44.6805,48.916999999999994,48.95700000000001,49.178999999999995,49.201499999999996
2024-04-22,41.63,41.5,41.11,41.81,28044982.0,1163954982.66,43.537,44.4935,48.916999999999994,48.95700000000001,49.178999999999995,49.201499999999996
2024-04-23,41.5,43.7,41.44,43.89,49789596.0,2134259117.47,43.392,44.401500000000006,48.916999999999994,48.95700000000001,49.178999999999995,49.201499999999996
2024-04-24,43.59,43.33,43.03,43.82,21810709.0,946244236.26,43.21900000000001,44.2795,48.916999999999994,48.95700000000001,49.178999999999995,49.201499999999996
2024-04-25,43.33,43.92,43.13,44.59,24679010.0,1085861364.42,43.155,44.18150000000001,48.916999999999994,48.95700000000001,49.178999999999995,49.201499999999996
2024-04-26,43.82,45.22,43.79,45.4,34572317.0,1550025297.08,43.306,44.1665,48.916999999999994,48.95700000000001,49.178999999999995,49.201499999999996
2024-04-29,45.21,45.79,45.14,46.46,34573633.0,1586424721.58,43.467,44.165000000000006,48.916999999999994,48.95700000000001,49.178999999999995,49.201499999999996
2024-04-30,46.0,45.77,45.46,46.45,19415381.0,893082209.97,43.656,44.1745,48.916999999999994,48.95700000000001,49.178999999999995,49.201499999999996
2024-05-06,46.53,46.76,46.03,47.46,32861930.0,1541063569.27,43.931,44.216,48.916999999999994,48.95700000000001,49.178999999999995,49.201499999999996
2024-05-07,46.76,46.83,46.62,47.1,20552777.0,964125270.19,44.415,44.304,48.916999999999994,48.95700000000001,49.178999999999995,49.201499999999996
2024-05-08,46.86,46.03,45.86,46.97,26353299.0,1217234952.37,44.885000000000005,44.3865,48.916999999999994,48.95700000000001,49.178999999999995,49.201499999999996
2024-05-09,46.11,46.5,45.92,46.83,17664973.0,820722434.34,45.385000000000005,44.461,48.916999999999994,48.95700000000001,49.178999999999995,49.201499999999996
2024-05-10,46.39,46.08,45.8,46.65,15710906.0,725489832.34,45.623000000000005,44.5075,48.916999999999994,48.95700000000001,49.178999999999995,49.201499999999996
2024-05-13,46.08,45.14,44.98,46.38,29425975.0,1338054190.87,45.803999999999995,44.5115,48.916999999999994,48.95700000000001,49.178999999999995,49.201499999999996
2024-05-14,45.14,44.94,44.84,45.39,19892937.0,897260526.27,45.906,44.5305,48.916999999999994,48.95700000000001,49.178999999999995,49.201499999999996
2024-05-15,44.95,44.29,44.15,45.03,16079664.0,713465988.68,45.813,44.5595,48.916999999999994,48.95700000000001,49.178999999999995,49.201499999999996
2024-05-16,44.62,44.31,44.02,44.73,23638768.0,1048106877.62,45.665000000000006,44.566,48.916999999999994,48.95700000000001,49.178999999999995,49.201499999999996
2024-05-17,45.11,44.37,43.7,45.84,38008833.0,1689843524.06,45.525,44.590500000000006,48.916999999999994,48.95700000000001,49.178999999999995,49.201499999999996
2024-05-20,43.9,43.44,43.11,44.41,40042850.0,1742797463.74,45.193,44.562,48.916999999999994,48.95700000000001,49.178999999999995,49.201499999999996
2024-05-21,43.35,43.43,43.05,43.78,24647968.0,1071157251.35,44.852999999999994,44.634,48.916999999999994,48.95700000000001,49.178999999999995,49.201499999999996
2024-05-22,43.53,43.17,43.03,43.59,25455358.0,1100081619.8,44.56699999999999,44.726,48.916999999999994,48.95700000000001,49.178999999999995,49.201499999999996
2024-05-23,43.17,42.68,42.54,43.22,19871424.0,848668344.93,44.184999999999995,44.785000000000004,48.916999999999994,48.95700000000001,49.178999999999995,49.201499999999996
2024-05-24,42.68,42.08,42.02,42.81,22227405.0,939654300.98,43.785,44.70399999999999,48.916999999999994,48.95700000000001,49.178999999999995,49.201499999999996
2024-05-27,41.97,42.34,41.46,42.54,30941368.0,1300950779.09,43.505,44.6545,48.916999999999994,48.95700000000001,49.178999999999995,49.201499999999996
2024-05-28,42.34,42.9,42.0,43.22,37748955.0,1616893172.35,43.301,44.6035,48.916999999999994,48.95700000000001,49.178999999999995,49.201499999999996
2024-05-29,42.88,42.65,42.58,43.11,16819735.0,719612072.51,43.137,44.475,48.916999999999994,48.95700000000001,49.178999999999995,49.201499999999996
2024-05-30,42.68,42.52,42.18,42.87,13361356.0,567669926.16,42.958,44.3115,48.916999999999994,48.95700000000001,49.178999999999995,49.201499999999996
2024-05-31,43.03,42.0,42.0,43.22,23061213.0,980570414.09,42.721,44.123000000000005,48.916999999999994,48.95700000000001,49.178999999999995,49.201499999999996
2024-06-03,41.86,42.14,41.71,42.33,18941197.0,796785130.01,42.590999999999994,43.892,48.916999999999994,48.95700000000001,49.178999999999995,49.201499999999996
2024-06-04,42.09,43.46,42.0,43.63,36121118.0,1561008548.51,42.59400000000001,43.723499999999994,48.916999999999994,48.95700000000001,49.178999999999995,49.201499999999996
2024-06-05,43.46,43.55,43.32,43.92,18222569.0,794605428.6,42.632,43.5995,48.916999999999994,48.95700000000001,49.178999999999995,49.201499999999996
2024-06-06,43.28,42.55,42.44,43.72,22780614.0,978566367.33,42.619,43.402,48.916999999999994,48.95700000000001,49.178999999999995,49.201499999999996
2024-06-07,42.62,41.79,41.79,42.89,24059372.0,1013241225.15,42.59,43.1875,48.916999999999994,48.95700000000001,49.178999999999995,49.201499999999996
2024-06-11,41.64,42.36,41.35,42.45,25327565.0,1062111846.35,42.592,43.0485,48.916999999999994,48.95700000000001,49.178999999999995,49.201499999999996
2024-06-12,42.37,41.74,41.55,42.37,22037989.0,922178801.6,42.476,42.8885,48.916999999999994,48.95700000000001,49.178999999999995,49.201499999999996
2024-06-13,41.74,41.7,41.18,42.07,20907651.0,872698850.18,42.381,42.759,48.916999999999994,48.95700000000001,49.178999999999995,49.201499999999996
2024-06-14,41.54,41.54,40.73,41.74,41893566.0,1729630309.13,42.283,42.6205,48.916999999999994,48.95700000000001,49.178999999999995,49.201499999999996
2024-06-17,41.25,42.17,41.24,42.34,24405695.0,1024367305.7,42.3,42.5105,48.916999999999994,48.95700000000001,49.178999999999995,49.201499999999996
2024-06-18,42.14,41.61,41.45,42.35,20567269.0,860147200.32,42.247,42.419,48.916999999999994,48.95700000000001,49.178999999999995,49.201499999999996
2024-06-19,41.64,41.01,40.86,41.9,20273565.0,836081464.81,42.001999999999995,42.297999999999995,48.916999999999994,48.95700000000001,49.178999999999995,49.201499999999996
2024-06-20,40.99,40.25,40.23,41.41,24995338.0,1013799894.64,41.672000000000004,42.152,48.916999999999994,48.95700000000001,49.178999999999995,49.201499999999996
2024-06-21,40.35,39.7,39.43,40.45,36768032.0,1459102929.25,41.387,42.003,48.916999999999994,48.95700000000001,49.178999999999995,49.201499999999996
2024-06-24,39.66,39.95,39.2,40.29,28132324.0,1123508475.05,41.202999999999996,41.8965,48.916999999999994,48.95700000000001,49.178999999999995,49.201499999999996
2024-06-25,40.17,39.36,39.11,40.23,22651619.0,895023381.75,40.903,41.7475,48.916999999999994,48.95700000000001,49.178999999999995,49.201499999999996
2024-06-26,39.35,39.56,39.09,39.7,22515025.0,887607506.09,40.685,41.5805,48.916999999999994,48.95700000000001,49.178999999999995,49.201499999999996
2024-06-27,39.51,38.91,38.67,39.51,27416968.0,1064851487.88,40.406,41.3935,48.916999999999994,48.95700000000001,49.178999999999995,49.201499999999996
2024-06-28,38.87,38.13,38.0,39.1,31191094.0,1199640450.62,40.065000000000005,41.17399999999999,48.916999999999994,48.95700000000001,49.178999999999995,49.201499999999996
2024-07-01,38.12,37.94,37.48,38.14,24095861.0,911326444.11,39.642,40.971000000000004,48.916999999999994,48.95700000000001,49.178999999999995,49.201499999999996
2024-07-02,37.9,37.15,36.92,37.92,31351354.0,1168354207.35,39.196,40.7215,48.916999999999994,48.95700000000001,49.178999999999995,49.201499999999996
2024-07-03,37.28,38.34,37.01,39.26,55750131.0,2137708980.02,38.929,40.465500000000006,48.916999999999994,48.95700000000001,49.178999999999995,49.201499999999996
2024-07-04,38.34,38.12,38.0,39.11,29173872.0,1120476865.18,38.715999999999994,40.194,48.916999999999994,48.95700000000001,49.178999999999995,49.201499999999996
2024-07-05,38.13,39.69,37.78,39.96,49788750.0,1942122105.92,38.714999999999996,40.051,48.916999999999994,48.95700000000001,49.178999999999995,49.201499999999996
2024-07-08,38.87,38.88,38.11,39.76,50415631.0,1964892356.83,38.608000000000004,39.9055,48.916999999999994,48.95700000000001,49.178999999999995,49.201499999999996
2024-07-09,38.79,38.66,37.69,39.14,40450312.0,1555216746.81,38.538,39.7205,48.916999999999994,48.95700000000001,49.178999999999995,49.201499999999996
2024-07-10,38.67,39.07,38.55,39.45,20405866.0,796385784.82,38.489,39.587,48.916999999999994,48.95700000000001,49.178999999999995,49.201499999999996
2024-07-11,39.45,40.25,38.97,40.79,38306012.0,1538773534.27,38.623,39.5145,48.916999999999994,48.95700000000001,49.178999999999995,49.201499999999996
2024-07-12,40.69,41.12,40.33,41.35,31614735.0,1296947585.63,38.922,39.4935,48.916999999999994,48.95700000000001,49.178999999999995,49.201499999999996
2024-07-15,40.85,40.63,40.31,41.14,20785727.0,845176103.35,39.190999999999995,39.4165,48.916999999999994,48.95700000000001,49.178999999999995,49.201499999999996
2024-07-16,40.5,40.8,40.27,40.91,22708487.0,924082558.46,39.556,39.376,48.916999999999994,48.95700000000001,49.178999999999995,49.201499999999996
2024-07-17,40.43,41.59,40.35,42.0,35812028.0,1488713788.87,39.88099999999999,39.405,48.916999999999994,48.95700000000001,49.178999999999995,49.201499999999996
2024-07-18,41.65,42.0,41.55,42.27,30823105.0,1292463142.83,40.26899999999999,39.4925,48.916999999999994,48.95700000000001,49.178999999999995,49.201499999999996
2024-07-19,41.93,42.08,41.78,42.33,27851267.0,1171709540.64,40.508,39.6115,48.916999999999994,48.95700000000001,49.178999999999995,49.201499999999996
2024-07-22,42.07,42.62,41.7,42.94,32687908.0,1391175547.94,40.882,39.745,48.916999999999994,48.95700000000001,49.178999999999995,49.201499999999996
2024-07-23,42.58,41.26,41.2,42.67,36822121.0,1532779454.34,41.142,39.839999999999996,48.916999999999994,48.95700000000001,49.178999999999995,49.201499999999996
2024-07-24,41.14,41.25,41.05,41.91,20107495.0,832921591.72,41.36,39.9245,48.916999999999994,48.95700000000001,49.178999999999995,49.201499999999996
2024-07-25,41.07,41.31,40.55,41.73,21987120.0,908502720.51,41.466,40.0445,48.916999999999994,48.95700000000001,49.178999999999995,49.201499999999996
2024-07-26,41.31,40.92,40.44,41.43,22195658.0,907314993.97,41.446000000000005,40.184000000000005,48.916999999999994,48.95700000000001,49.178999999999995,49.201499999999996
2024-07-29,40.87,40.34,40.24,41.21,23563670.0,956395684.56,41.417,40.303999999999995,48.916999999999994,48.95700000000001,49.178999999999995,49.201499999999996
2024-07-30,40.35,39.86,39.48,40.51,24349089.0,969474035.62,41.323,40.439499999999995,48.916999999999994,48.95700000000001,49.178999999999995,49.201499999999996
2024-07-31,39.85,42.06,39.56,42.21,39715281.0,1638778249.18,41.37,40.6255,48.916999999999994,48.95700000000001,49.178999999999995,49.201499999999996
2024-08-01,42.04,41.8,41.6,42.35,17494248.0,733290056.04,41.35,40.8095,48.916999999999994,48.95700000000001,49.178999999999995,49.201499999999996
2024-08-02,41.74,42.02,41.65,42.83,25674387.0,1085719969.98,41.344,40.926,48.916999999999994,48.95700000000001,49.178999999999995,49.201499999999996
2024-08-05,42.02,42.5,41.96,43.42,32475622.0,1386017875.38,41.332,41.107,48.916999999999994,48.95700000000001,49.178999999999995,49.201499999999996
2024-08-06,42.48,42.76,42.33,43.02,21850111.0,931702110.54,41.482,41.312,48.916999999999994,48.95700000000001,49.178999999999995,49.201499999999996
2024-08-07,42.73,42.0,41.96,42.74,17793350.0,751651391.07,41.557,41.4585,48.916999999999994,48.95700000000001,49.178999999999995,49.201499999999996
2024-08-08,41.96,42.43,41.96,42.74,16548184.0,700866799.62,41.669,41.5675,48.916999999999994,48.95700000000001,49.178999999999995,49.201499999999996
2024-08-09,42.55,42.27,42.26,43.14,15654739.0,666579242.27,41.803999999999995,41.625,48.916999999999994,48.95700000000001,49.178999999999995,49.201499999999996
2024-08-12,42.07,43.47,42.06,43.8,33403646.0,1447922052.4,42.117000000000004,41.767,48.916999999999994,48.95700000000001,49.178999999999995,49.201499999999996
2024-08-13,43.44,42.52,42.25,43.44,22805654.0,973012156.36,42.382999999999996,41.852999999999994,48.916999999999994,48.95700000000001,49.178999999999995,49.201499999999996
2024-08-14,42.8,42.35,41.94,42.83,14235881.0,602382870.74,42.412,41.891000000000005,48.916999999999994,48.95700000000001,49.178999999999995,49.201499999999996
2024-08-15,42.23,42.77,42.17,43.49,21502000.0,921651489.73,42.509,41.929500000000004,48.916999999999994,48.95700000000001,49.178999999999995,49.201499999999996
2024-08-16,42.45,42.96,42.15,43.05,15750938.0,673487374.68,42.602999999999994,41.9735,48.916999999999994,48.95700000000001,49.178999999999995,49.201499999999996
2024-08-19,43.05,41.96,41.62,43.44,24053815.0,1014833544.98,42.549,41.9405,48.916999999999994,48.95700000000001,49.178999999999995,49.201499999999996
2024-08-20,41.95,42.1,41.65,42.23,15454313.0,648578630.99,42.483000000000004,41.9825,48.916999999999994,48.95700000000001,49.178999999999995,49.201499999999996
2024-08-21,42.04,42.16,41.89,42.65,16289895.0,688060044.38,42.499,42.028,48.916999999999994,48.95700000000001,49.178999999999995,49.201499999999996
2024-08-22,43.05,43.77,42.48,44.11,53928738.0,2349925930.75,42.632999999999996,42.151,48.916999999999994,48.95700000000001,49.178999999999995,49.201499999999996
2024-08-23,43.52,43.46,42.93,43.79,27851064.0,1208090957.81,42.752,42.278,48.916999999999994,48.95700000000001,49.178999999999995,49.201499999999996
2024-08-26,43.45,43.16,42.65,43.64,24611027.0,1059543421.07,42.721,42.419000000000004,48.916999999999994,48.95700000000001,49.178999999999995,49.201499999999996
2024-08-27,43.11,43.44,42.95,43.82,22708439.0,987526035.5,42.813,42.598,48.916999999999994,48.95700000000001,49.178999999999995,49.201499999999996
2024-08-28,43.44,43.34,42.99,43.92,20697138.0,896690756.75,42.912,42.662,48.916999999999994,48.95700000000001,49.178999999999995,49.201499999999996
2024-08-29,43.32,44.16,43.14,44.39,30633195.0,1349314946.42,43.051,42.78,48.916999999999994,48.95700000000001,49.178999999999995,49.201499999999996
2024-08-30,44.28,43.97,43.77,44.34,31441135.0,1385994563.45,43.152,42.877500000000005,48.916999999999994,48.95700000000001,49.178999999999995,49.201499999999996
2024-09-02,43.85,43.74,42.87,44.21,25893990.0,1128406266.44,43.33,42.9395,48.916999999999994,48.95700000000001,49.178999999999995,49.201499999999996
2024-09-03,43.72,44.42,43.56,45.04,31762221.0,1415250776.25,43.562,43.022499999999994,48.916999999999994,48.95700000000001,49.178999999999995,49.201499999999996
2024-09-04,44.22,44.35,44.01,44.99,21334463.0,949655587.47,43.781,43.14,48.916999999999994,48.95700000000001,49.178999999999995,49.201499999999996
2024-09-05,44.5,44.84,44.26,45.02,19935572.0,892416905.23,43.888,43.2605,48.916999999999994,48.95700000000001,49.178999999999995,49.201499999999996
2024-09-06,44.99,44.24,44.24,44.99,14198644.0,632592170.47,43.965999999999994,43.359,48.916999999999994,48.95700000000001,49.178999999999995,49.201499999999996
2024-09-09,44.24,44.39,44.14,45.26,25694109.0,1144505481.71,44.089000000000006,43.405,48.916999999999994,48.95700000000001,49.178999999999995,49.201499999999996
2024-09-10,44.24,44.32,43.55,44.54,19990198.0,883221376.38,44.17700000000001,43.495,48.916999999999994,48.95700000000001,49.178999999999995,49.201499999999996
2024-09-11,44.14,45.27,43.95,45.39,29263101.0,1318678749.48,44.37,43.641000000000005,48.916999999999994,48.95700000000001,49.178999999999995,49.201499999999996
2024-09-12,45.07,44.81,44.59,45.62,18725172.0,842058821.44,44.435,43.743,48.916999999999994,48.95700000000001,49.178999999999995,49.201499999999996
2024-09-13,44.79,44.61,44.24,45.14,19580166.0,874100288.49,44.499,43.8255,48.916999999999994,48.95700000000001,49.178999999999995,49.201499999999996
2024-09-18,44.73,44.96,44.62,45.43,17571110.0,791075183.21,44.620999999999995,43.975500000000004,48.916999999999994,48.95700000000001,49.178999999999995,49.201499999999996
2024-09-19,44.97,44.84,44.24,45.17,22482023.0,1006153996.93,44.663000000000004,44.1125,48.916999999999994,48.95700000000001,49.178999999999995,49.201499999999996
2024-09-20,44.74,42.56,42.17,44.74,67157172.0,2879104757.0,44.484,44.1325,48.916999999999994,48.95700000000001,49.178999999999995,49.201499999999996
2024-09-23,42.73,42.56,42.37,43.32,28578177.0,1219950846.87,44.256,44.071999999999996,48.916999999999994,48.95700000000001,49.178999999999995,49.201499999999996
2024-09-24,43.22,43.5,42.09,43.56,43484473.0,1866263526.75,44.182,44.074,48.916999999999994,48.95700000000001,49.178999999999995,49.201499999999996
2024-09-25,43.85,43.68,43.53,44.49,43539117.0,1914228799.72,44.111000000000004,44.1,48.916999999999994,48.95700000000001,49.178999999999995,49.201499999999996
2024-09-26,43.98,46.29,43.55,46.33,47865516.0,2151506359.31,44.308,44.2425,48.916999999999994,48.95700000000001,49.178999999999995,49.201499999999996
2024-09-27,47.21,48.5,46.78,48.72,38199493.0,1826081206.27,44.631,44.5005,48.916999999999994,48.95700000000001,49.178999999999995,49.201499999999996
2024-09-30,50.02,52.11,49.82,52.55,102215894.0,5250200815.04,45.361000000000004,44.898,48.916999999999994,48.95700000000001,49.178999999999995,49.201499999999996
2024-10-08,57.32,55.81,53.21,57.32,119690033.0,6658937520.41,46.481,45.489999999999995,48.916999999999994,48.95700000000001,49.178999999999995,49.201499999999996
2024-10-09,54.8,51.49,51.37,54.8,90384191.0,4785336951.01,47.134,45.8775,48.916999999999994,48.95700000000001,49.178999999999995,49.201499999999996
2024-10-10,51.49,52.38,51.49,53.63,58739359.0,3089484853.64,47.888,46.2755,48.916999999999994,48.95700000000001,49.178999999999995,49.201499999999996
2024-10-11,51.94,50.02,49.5,52.38,49721056.0,2518858626.84,48.634,46.559000000000005,48.916999999999994,48.95700000000001,49.178999999999995,49.201499999999996
2024-10-14,50.32,51.21,49.88,51.48,39727026.0,2016817820.08,49.499,46.8775,48.916999999999994,48.95700000000001,49.178999999999995,49.201499999999996
2024-10-15,51.21,50.42,50.37,52.43,36457501.0,1870266584.74,50.190999999999995,47.1865,48.916999999999994,48.95700000000001,49.178999999999995,49.201499999999996
2024-10-16,49.71,49.0,48.83,50.5,39882278.0,1971863406.59,50.723,47.417,48.916999999999994,48.95700000000001,49.178999999999995,49.201499999999996
2024-10-17,49.12,49.04,49.04,50.35,34420124.0,1711600382.51,50.998000000000005,47.653000000000006,48.916999999999994,48.95700000000001,49.178999999999995,49.201499999999996
2024-10-18,48.82,50.3,48.58,51.32,53866359.0,2684309741.47,51.178000000000004,47.9045,48.916999999999994,48.95700000000001,49.178999999999995,49.201499999999996
2024-10-21,50.42,50.38,49.15,50.89,47355522.0,2372525724.23,51.005,48.18300000000001,48.916999999999994,48.95700000000001,49.178999999999995,49.201499999999996
2024-10-22,50.03,50.58,50.03,51.6,40252541.0,2046102371.24,50.482,48.4815,48.916999999999994,48.95700000000001,49.178999999999995,49.201499999999996
2024-10-23,50.65,50.51,49.96,51.0,37193522.0,1875687444.76,50.384,48.759,48.916999999999994,48.95700000000001,49.178999999999995,49.201499999999996
2024-10-24,50.42,48.49,47.65,50.42,90480181.0,4383045856.42,49.995,48.941500000000005,48.916999999999994,48.95700000000001,49.178999999999995,49.201499999999996
2024-10-25,48.43,47.83,46.55,48.43,94655373.0,4498732086.92,49.775999999999996,49.205,48.916999999999994,48.95700000000001,49.178999999999995,49.201499999999996
2024-10-28,47.86,48.42,47.8,48.72,57320292.0,2769377026.23,49.497,49.498000000000005,48.916999999999994,48.95700000000001,49.178999999999995,49.201499999999996
2024-10-29,48.45,48.01,47.93,48.73,39913613.0,1926235120.3,49.25599999999999,49.7235,48.916999999999994,48.95700000000001,49.178999999999995,49.201499999999996
2024-10-30,48.01,47.03,46.79,48.31,47720149.0,2256717310.93,49.059,49.891,48.916999999999994,48.95700000000001,49.178999999999995,49.201499999999996
2024-10-31,47.04,46.43,46.39,47.23,45837053.0,2138254363.36,48.798,49.898,48.916999999999994,48.95700000000001,49.178999999999995,49.201499999999996
2024-11-01,46.55,47.39,46.55,48.33,62219696.0,2962180400.84,48.507,49.8425,48.916999999999994,48.95700000000001,49.178999999999995,49.201499999999996
2024-11-04,47.93,47.82,47.09,48.22,40806013.0,1942430935.72,48.251,49.628,48.916999999999994,48.95700000000001,49.178999999999995,49.201499999999996
2024-11-05,47.45,48.5,47.33,48.66,51622691.0,2489509349.52,48.043,49.2625,48.916999999999994,48.95700000000001,49.178999999999995,49.201499999999996
2024-11-06,48.53,48.57,48.08,49.5,53949904.0,2624774466.76,47.849000000000004,49.1165,48.916999999999994,48.95700000000001,49.178999999999995,49.201499999999996
2024-11-07,48.43,49.82,48.24,49.82,58617462.0,2882919253.85,47.982,48.9885,48.916999999999994,48.95700000000001,49.178999999999995,49.201499999999996
2024-11-08,49.92,49.32,48.97,50.32,65466938.0,3240522916.53,48.13100000000001,48.9535,48.916999999999994,48.95700000000001,49.178999999999995,49.201499999999996
2024-11-11,48.81,49.25,48.13,49.49,58891006.0,2870267472.46,48.214,48.8555,48.916999999999994,48.95700000000001,49.178999999999995,49.201499999999996
2024-11-12,49.25,49.11,48.87,50.6,77012704.0,3839811096.48,48.324,48.79,48.916999999999994,48.95700000000001,49.178999999999995,49.201499999999996
2024-11-13,48.98,49.17,48.88,50.08,41061842.0,2023644063.37,48.538,48.798500000000004,48.916999999999994,48.95700000000001,49.178999999999995,49.201499999999996
2024-11-14,49.09,48.28,48.26,49.52,39049635.0,1911896965.86,48.723,48.7605,48.916999999999994,48.95700000000001,49.178999999999995,49.201499999999996
2024-11-15,48.1,47.53,47.53,48.52,33206429.0,1593427808.9,48.737,48.622,48.916999999999994,48.95700000000001,49.178999999999995,49.201499999999996
2024-11-18,47.54,47.03,46.83,47.89,30463135.0,1443825223.57,48.658,48.454499999999996,48.916999999999994,48.95700000000001,49.178999999999995,49.201499999999996
2024-11-19,47.07,47.26,46.67,47.63,26124431.0,1230951481.61,48.534000000000006,48.2885,48.916999999999994,48.95700000000001,49.178999999999995,49.201499999999996
2024-11-20,47.27,50.28,47.27,50.61,109962909.0,5459304163.24,48.705,48.277,48.916999999999994,48.95700000000001,49.178999999999995,49.201499999999996
2024-11-21,50.13,50.01,49.57,50.79,49023838.0,2454422662.56,48.724000000000004,48.353,48.916999999999994,48.95700000000001,49.178999999999995,49.201499999999996
2024-11-22,50.01,48.1,48.03,50.45,50335825.0,2463628940.67,48.602,48.366499999999995,48.916999999999994,48.95700000000001,49.178999999999995,49.201499999999996
2024-11-25,48.43,47.59,47.59,49.31,43770317.0,2119573829.2,48.43599999999999,48.325,48.916999999999994,48.95700000000001,49.178999999999995,49.201499999999996
2024-11-26,47.69,48.5,47.63,49.38,40119918.0,1955082311.49,48.375,48.3495,48.916999999999994,48.95700000000001,49.178999999999995,49.201499999999996
2024-11-27,48.45,49.81,48.41,50.02,57661777.0,2862205753.74,48.439,48.4885,48.916999999999994,48.95700000000001,49.178999999999995,49.201499999999996
2024-11-28,49.77,49.52,49.14,50.57,36853590.0,1836357876.79,48.563,48.643,48.916999999999994,48.95700000000001,49.178999999999995,49.201499999999996
2024-11-29,49.93,50.51,49.62,51.12,69554267.0,3512492251.03,48.861000000000004,48.799,48.916999999999994,48.95700000000001,49.178999999999995,49.201499999999996
2024-12-02,50.42,50.27,49.84,50.61,42128002.0,2116109033.03,49.185,48.921499999999995,48.916999999999994,48.95700000000001,49.178999999999995,49.201499999999996
2024-12-03,50.17,49.45,49.35,50.23,39762781.0,1972432252.84,49.403999999999996,48.969,48.916999999999994,48.95700000000001,49.178999999999995,49.201499999999996
2024-12-04,49.47,49.22,49.07,49.8,25919248.0,1281641896.65,49.298,49.0015,48.916999999999994,48.95700000000001,49.178999999999995,49.201499999999996
2024-12-05,49.24,48.77,48.28,49.27,29918395.0,1454359603.36,49.174,48.949,48.916999999999994,48.95700000000001,49.178999999999995,49.201499999999996
2024-12-06,48.77,49.35,48.66,49.62,34352681.0,1688375558.64,49.299,48.9505,48.916999999999994,48.95700000000001,49.178999999999995,49.201499999999996
2024-12-09,49.8,49.2,48.88,49.91,27761219.0,1368832174.52,49.46,48.948,48.916999999999994,48.95700000000001,49.178999999999995,49.201499999999996
2024-12-10,50.07,47.96,47.44,50.07,102579011.0,4957092801.94,49.406000000000006,48.8905,48.916999999999994,48.95700000000001,49.178999999999995,49.201499999999996
2024-12-11,47.69,47.98,47.34,48.0,43099895.0,2056039719.76,49.223,48.831,48.916999999999994,48.95700000000001,49.178999999999995,49.201499999999996
2024-12-12,47.98,47.87,47.43,47.98,36291437.0,1732532837.9,49.058,48.810500000000005,48.916999999999994,48.95700000000001,49.178999999999995,49.201499999999996
2024-12-13,47.63,46.42,46.39,47.74,65312654.0,3061019957.39,48.649,48.755,48.916999999999994,48.95700000000001,49.178999999999995,49.201499999999996
2024-12-16,46.41,45.9,45.64,46.41,35535738.0,1630463503.21,48.212,48.6985,48.916999999999994,48.95700000000001,49.178999999999995,49.201499999999996
2024-12-17,45.88,46.33,45.73,46.8,31701520.0,1470663475.53,47.9,48.652,48.916999999999994,48.95700000000001,49.178999999999995,49.201499999999996
2024-12-18,46.53,46.42,46.36,46.88,24803185.0,1154970052.49,47.62,48.458999999999996,48.916999999999994,48.95700000000001,49.178999999999995,49.201499999999996
2024-12-19,46.01,46.37,45.71,46.49,21824583.0,1007124998.38,47.38,48.277,48.916999999999994,48.95700000000001,49.178999999999995,49.201499999999996
2024-12-20,46.37,46.08,46.05,46.71,26167403.0,1212975575.52,47.053,48.176,48.916999999999994,48.95700000000001,49.178999999999995,49.201499999999996
2024-12-23,46.08,45.69,45.35,46.16,36323344.0,1660614929.28,46.702,48.081,48.916999999999994,48.95700000000001,49.178999999999995,49.201499999999996
2024-12-24,45.69,46.16,45.62,46.49,29505243.0,1362414862.76,46.522,47.964,48.916999999999994,48.95700000000001,49.178999999999995,49.201499999999996
2024-12-25,46.39,46.45,46.16,46.83,31639578.0,1472155113.05,46.369,47.796,48.916999999999994,48.95700000000001,49.178999999999995,49.201499999999996
2024-12-26,46.33,45.94,45.6,46.37,25675144.0,1178284148.18,46.176,47.617000000000004,48.916999999999994,48.95700000000001,49.178999999999995,49.201499999999996
2024-12-27,46.03,45.93,45.73,46.19,21327255.0,980779073.25,46.126999999999995,47.388,48.916999999999994,48.95700000000001,49.178999999999995,49.201499999999996
2024-12-30,46.12,45.97,45.88,46.59,25719200.0,1186680454.52,46.134,47.173,48.916999999999994,48.95700000000001,49.178999999999995,49.201499999999996
2024-12-31,45.96,45.73,45.69,46.4,38956725.0,1793640701.25,46.074,46.987,48.916999999999994,48.95700000000001,49.178999999999995,49.201499999999996
2025-01-02,45.71,44.79,44.54,45.93,34938921.0,1575496085.95,45.911,46.765499999999996,48.916999999999994,48.95700000000001,49.178999999999995,49.201499999999996
2025-01-03,44.84,44.2,44.0,45.01,27486191.0,1223704154.69,45.694,46.537,48.916999999999994,48.95700000000001,49.178999999999995,49.201499999999996
2025-01-06,44.59,44.85,44.22,44.95,30256954.0,1351231040.45,45.571000000000005,46.312,48.916999999999994,48.95700000000001,49.178999999999995,49.201499999999996
2025-01-07,44.89,43.88,43.85,44.93,25835107.0,1139218011.97,45.39,46.046,48.916999999999994,48.95700000000001,49.178999999999995,49.201499999999996
2025-01-08,43.89,43.39,42.8,44.02,35159214.0,1524946448.18,45.113,45.817499999999995,48.916999999999994,48.95700000000001,49.178999999999995,49.201499999999996
2025-01-09,43.42,42.93,42.91,43.71,25869821.0,1116825881.19,44.761,45.565,48.916999999999994,48.95700000000001,49.178999999999995,49.201499999999996
2025-01-10,42.91,42.52,42.38,43.25,26671098.0,1138717521.36,44.419,45.2975,48.916999999999994,48.95700000000001,49.178999999999995,49.201499999999996
2025-01-13,42.36,42.66,42.25,43.01,19181933.0,819457430.24,44.092,45.1095,48.916999999999994,48.95700000000001,49.178999999999995,49.201499999999996
2025-01-14,42.66,44.13,42.66,44.25,33897436.0,1481294681.65,43.908,45.021,48.916999999999994,48.95700000000001,49.178999999999995,49.201499999999996
2025-01-15,44.1,43.72,43.5,44.12,18563231.0,810779951.28,43.707,44.890499999999996,48.916999999999994,48.95700000000001,49.178999999999995,49.201499999999996
2025-01-16,43.92,42.75,42.71,43.99,31127741.0,1344908223.77,43.503,44.707,48.916999999999994,48.95700000000001,49.178999999999995,49.201499999999996
2025-01-17,42.35,42.69,42.29,42.93,20133643.0,857835007.46,43.352,44.523,48.916999999999994,48.95700000000001,49.178999999999995,49.201499999999996
2025-01-20,43.13,44.36,43.12,45.2,56061960.0,2490393184.67,43.303,44.437,48.916999999999994,48.95700000000001,49.178999999999995,49.201499999999996
2025-01-21,44.69,44.97,44.39,45.14,35525809.0,1593272359.92,43.412,44.400999999999996,48.916999999999994,48.95700000000001,49.178999999999995,49.201499999999996
2025-01-22,44.87,44.27,44.08,45.08,21151178.0,939501099.3,43.5,44.30650000000001,48.916999999999994,48.95700000000001,49.178999999999995,49.201499999999996
2025-01-23,44.39,43.8,43.61,44.66,28711504.0,1264462646.05,43.587,44.174,48.916999999999994,48.95700000000001,49.178999999999995,49.201499999999996
2025-01-24,43.71,44.48,43.66,44.99,35172592.0,1569811205.49,43.783,44.101,48.916999999999994,48.95700000000001,49.178999999999995,49.201499999999996
2025-01-27,44.64,44.49,44.42,45.02,19376471.0,864900092.53,43.965999999999994,44.029,48.916999999999994,48.95700000000001,49.178999999999995,49.201499999999996
2025-02-05,44.51,43.85,43.71,44.64,27539742.0,1209865781.14,43.938,43.922999999999995,48.916999999999994,48.95700000000001,49.178999999999995,49.201499999999996
2025-02-06,43.97,44.2,43.51,44.39,25308759.0,1113529253.01,43.986000000000004,43.8465,48.916999999999994,48.95700000000001,49.178999999999995,49.201499999999996
2025-02-07,44.2,45.13,43.84,46.16,50724698.0,2283393394.93,44.224000000000004,43.8635,48.916999999999994,48.95700000000001,49.178999999999995,49.201499999999996
2025-02-10,45.34,44.72,44.51,45.34,38026030.0,1702769262.7,44.42700000000001,43.8895,48.916999999999994,48.95700000000001,49.178999999999995,49.201499999999996
2025-02-11,44.84,44.03,43.89,44.94,31179988.0,1376208094.07,44.394,43.8485,48.916999999999994,48.95700000000001,49.178999999999995,49.201499999999996
2025-02-12,44.04,44.28,43.86,44.39,25266625.0,1113067394.45,44.325,43.8685,48.916999999999994,48.95700000000001,49.178999999999995,49.201499999999996
2025-02-13,44.14,44.48,43.9,44.9,37999212.0,1692124021.54,44.346,43.923,48.916999999999994,48.95700000000001,49.178999999999995,49.201499999999996
2025-02-14,44.46,45.34,44.4,45.61,52405945.0,2363013539.28,44.5,44.0435,48.916999999999994,48.95700000000001,49.178999999999995,49.201499999999996
2025-02-17,45.64,45.1,44.79,46.14,55966645.0,2543137861.2,44.562,44.1725,48.916999999999994,48.95700000000001,49.178999999999995,49.201499999999996
2025-02-18,45.15,44.66,44.5,45.61,35148380.0,1582024378.86,44.579,44.2725,48.916999999999994,48.95700000000001,49.178999999999995,49.201499999999996
2025-02-19,44.58,44.55,44.04,45.02,36893815.0,1642055731.15,44.649,44.2935,48.916999999999994,48.95700000000001,49.178999999999995,49.201499999999996
2025-02-20,44.59,46.33,44.59,46.81,85714075.0,3962875923.52,44.862,44.424,48.916999999999994,48.95700000000001,49.178999999999995,49.201499999999996
2025-02-21,46.53,48.11,46.36,48.31,97863844.0,4658378219.41,45.160000000000004,44.692,48.916999999999994,48.95700000000001,49.178999999999995,49.201499999999996
2025-02-24,48.23,47.92,47.43,48.47,53500511.0,2562457640.47,45.48,44.9535,48.916999999999994,48.95700000000001,49.178999999999995,49.201499999999996
2025-02-25,47.47,47.2,47.0,48.08,35561117.0,1689640415.06,45.797000000000004,45.0955,48.916999999999994,48.95700000000001,49.178999999999995,49.201499999999996
2025-02-26,47.43,47.38,46.78,47.57,32929732.0,1551997434.97,46.107,45.216,48.916999999999994,48.95700000000001,49.178999999999995,49.201499999999996
2025-02-27,47.23,47.74,47.02,48.19,37041391.0,1768169580.83,46.43300000000001,45.3895,48.916999999999994,48.95700000000001,49.178999999999995,49.201499999999996
2025-02-28,47.54,45.79,45.65,47.93,49338998.0,2294571489.32,46.477999999999994,45.489,48.916999999999994,48.95700000000001,49.178999999999995,49.201499999999996
2025-03-03,45.78,45.75,45.61,46.64,32009697.0,1476382970.87,46.54299999999999,45.552499999999995,48.916999999999994,48.95700000000001,49.178999999999995,49.201499999999996
2025-03-04,45.65,45.7,45.22,45.92,24421518.0,1113598158.63,46.647000000000006,45.613,48.916999999999994,48.95700000000001,49.178999999999995,49.201499999999996
2025-03-05,45.7,45.81,45.3,45.95,25358182.0,1157331477.15,46.773,45.711,48.916999999999994,48.95700000000001,49.178999999999995,49.201499999999996
2025-03-06,46.13,46.35,45.88,46.69,33258550.0,1539946175.54,46.775,45.8185,48.916999999999994,48.95700000000001,49.178999999999995,49.201499999999996
2025-03-07,46.23,45.52,45.36,46.23,33782962.0,1544840661.78,46.516000000000005,45.838,48.916999999999994,48.95700000000001,49.178999999999995,49.201499999999996
2025-03-10,45.66,45.33,44.84,45.99,34484601.0,1561460746.5,46.257,45.8685,48.916999999999994,48.95700000000001,49.178999999999995,49.201499999999996
2025-03-11,44.89,45.18,44.79,45.33,29258759.0,1317152157.79,46.055,45.926,48.916999999999994,48.95700000000001,49.178999999999995,49.201499999999996
2025-03-12,45.22,44.84,44.79,45.63,34077729.0,1533371102.77,45.801,45.954,48.916999999999994,48.95700000000001,49.178999999999995,49.201499999999996
2025-03-13,44.89,44.87,44.61,45.12,24422747.0,1095003466.93,45.513999999999996,45.9735,48.916999999999994,48.95700000000001,49.178999999999995,49.201499999999996
2025-03-14,44.96,46.37,44.72,46.7,57527610.0,2648874640.54,45.572,46.025,48.916999999999994,48.95700000000001,49.178999999999995,49.201499999999996
2025-03-17,47.15,46.31,46.21,47.18,27843251.0,1295638303.48,45.628,46.0855,48.916999999999994,48.95700000000001,49.178999999999995,49.201499999999996
2025-03-18,46.71,46.33,46.25,47.31,30942249.0,1443933601.28,45.690999999999995,46.169,48.916999999999994,48.95700000000001,49.178999999999995,49.201499999999996
2025-03-19,46.35,47.12,46.13,47.95,48691328.0,2295409174.54,45.821999999999996,46.2975,48.916999999999994,48.95700000000001,49.178999999999995,49.201499999999996
2025-03-20,47.03,46.46,46.31,47.3,32636153.0,1521454257.04,45.833000000000006,46.304,48.916999999999994,48.95700000000001,49.178999999999995,49.201499999999996
2025-03-21,46.23,44.69,44.67,46.46,54349319.0,2458827778.08,45.75,46.132999999999996,48.916999999999994,48.95700000000001,49.178999999999995,49.201499999999996
2025-03-24,44.7,44.19,44.04,44.88,32825672.0,1454999354.39,45.636,45.9465,48.916999999999994,48.95700000000001,49.178999999999995,49.201499999999996
2025-03-25,44.31,44.71,44.07,44.86,22993209.0,1026660591.91,45.589,45.821999999999996,48.916999999999994,48.95700000000001,49.178999999999995,49.201499999999996
2025-03-26,46.03,46.06,45.9,46.77,61324184.0,2832596084.14,45.711,45.756,48.916999999999994,48.95700000000001,49.178999999999995,49.201499999999996
2025-03-27,45.91,48.22,45.44,48.25,87176793.0,4127696681.49,46.046,45.78,48.916999999999994,48.95700000000001,49.178999999999995,49.201499999999996
2025-03-28,48.22,48.44,48.22,49.35,77578870.0,3782798004.31,46.253,45.9125,48.916999999999994,48.95700000000001,49.178999999999995,49.201499999999996
2025-03-31,48.8,49.02,48.67,49.9,78599323.0,3863528326.03,46.524,46.076,48.916999999999994,48.95700000000001,49.178999999999995,49.201499999999996
2025-04-01,49.02,51.61,48.73,52.31,136396917.0,6963773597.38,47.052,46.3715,48.916999999999994,48.95700000000001,49.178999999999995,49.201499999999996
2025-04-02,51.14,50.67,50.48,51.57,63415997.0,3230471821.19,47.407,46.61450000000001,48.916999999999994,48.95700000000001,49.178999999999995,49.201499999999996
2025-04-03,50.23,50.86,50.23,51.41,51972799.0,2643033087.33,47.847,46.839999999999996,48.916999999999994,48.95700000000001,49.178999999999995,49.201499999999996
2025-04-07,48.62,48.52,46.59,49.67,115920285.0,5580749461.86,48.23,46.99,48.916999999999994,48.95700000000001,49.178999999999995,49.201499999999996
2025-04-08,48.62,48.52,47.09,49.11,99121129.0,4739094855.94,48.663000000000004,47.1495,48.916999999999994,48.95700000000001,49.178999999999995,49.201499999999996
2025-04-09,47.56,48.05,45.7,48.05,97872009.0,4574095268.46,48.997,47.293,48.916999999999994,48.95700000000001,49.178999999999995,49.201499999999996
2025-04-10,48.79,48.33,47.69,48.91,73435416.0,3541702205.29,49.224000000000004,47.4675,48.916999999999994,48.95700000000001,49.178999999999995,49.201499999999996
2025-04-11,47.99,48.21,47.63,48.5,42733517.0,2053266780.64,49.223,47.6345,48.916999999999994,48.95700000000001,49.178999999999995,49.201499999999996
2025-04-14,48.21,48.69,47.93,49.82,57389881.0,2811326096.96,49.248000000000005,47.7505,48.916999999999994,48.95700000000001,49.178999999999995,49.201499999999996
2025-04-15,48.43,48.1,47.75,48.75,32746679.0,1571241599.38,49.156,47.84,48.916999999999994,48.95700000000001,49.178999999999995,49.201499999999996
2025-04-16,48.23,48.72,47.19,48.72,45698798.0,2184411134.08,48.867000000000004,47.959500000000006,48.916999999999994,48.95700000000001,49.178999999999995,49.201499999999996
2025-04-17,48.37,48.6,48.15,48.69,30499751.0,1477059115.16,48.660000000000004,48.0335,48.916999999999994,48.95700000000001,49.178999999999995,49.201499999999996
2025-04-18,48.41,47.83,47.69,48.74,25421624.0,1217785120.63,48.357,48.102,48.916999999999994,48.95700000000001,49.178999999999995,49.201499999999996
2025-04-21,47.53,48.99,47.46,49.22,37201821.0,1811287012.42,48.404,48.317,48.916999999999994,48.95700000000001,49.178999999999995,49.201499999999996
2025-04-22,48.86,50.79,48.86,51.12,62012264.0,3116791042.67,48.631,48.647,48.916999999999994,48.95700000000001,49.178999999999995,49.201499999999996
2025-04-23,50.78,50.91,50.44,51.26,38682189.0,1964625808.5,48.916999999999994,48.95700000000001,48.916999999999994,48.95700000000001,49.178999999999995,49.201499999999996
2025-04-24,50.79,50.95,50.24,51.53,33729069.0,1721477003.94,49.178999999999995,49.201499999999996,48.916999999999994,48.95700000000001,49.178999999999995,49.201499999999996
2025-04-25,51.49,50.09,49.79,51.81,52622203.0,2660676970.76,49.367000000000004,49.295,48.916999999999994,48.95700000000001,49.178999999999995,49.201499999999996
